Job ID,Job Title,Employer,Office Location,Job Type,Duration,Status,Company Description,Position Description,Openings,Qualifications,Majors Sought,Address,Compensation,Hours/Week,Min GPA,Citizenship Restriction
910001,Data Science Co-op,Pipeline Systems,San Jose CA,Undergraduate Co-op,6 Months,Active,"Pipeline Systems Focuses on CI/CD, containers, and deployment reliability.","As a Data Science Co-op at Pipeline Systems, you will work with engineers and mentors on real production projects. You will help build and test features using Kubernetes, Java, and JavaScript. Responsibilities include writing clean code, reviewing pull requests, documenting your work, and presenting progress to the team. You will collaborate across product and design to ship improvements used by customers. Ideal for students who enjoy problem solving and learning quickly.",1,"Kubernetes, Java, JavaScript, Node.js, TypeScript, REST APIs",Data Science; Business Analytics; Statistics; Information Systems,200 S Mathilda Ave San Jose CA 95110,$29.00/hr,35,3.0,US Citizen or PR
910002,Java Developer Intern,Ironclad Security Systems,San Jose CA,Undergraduate Co-op,6 Months,Inactive,"Ironclad Security Systems Offers threat detection, endpoint monitoring, and zero-trust tooling.","As a Java Developer Intern at Ironclad Security Systems, you will work with engineers and mentors on real production projects. You will help build and test features using Java, CI/CD, and TypeScript. Responsibilities include writing clean code, reviewing pull requests, documenting your work, and presenting progress to the team. You will collaborate across product and design to ship improvements used by customers. Ideal for students who enjoy problem solving and learning quickly.",1,"Java, CI/CD, TypeScript, PostgreSQL, Kubernetes, Terraform",Human-Computer Interaction; UX Design; Graphic Design,200 S Mathilda Ave San Jose CA 95110,$26.00/hr,20,- None -,US Citizen or PR
910003,Product Management Intern,AppWorks Studio,New York NY,Co-op,3 Months,Active,"AppWorks Studio Builds consumer mobile apps for fitness, wellness, and events.","As a Product Management Intern at AppWorks Studio, you will work with engineers and mentors on real production projects. You will help build and test features using Node.js, TypeScript, and CI/CD. Responsibilities include writing clean code, reviewing pull requests, documenting your work, and presenting progress to the team. You will collaborate across product and design to ship improvements used by customers. Ideal for students who enjoy problem solving and learning quickly.",1,"Node.js, TypeScript, CI/CD, Docker, Kotlin, React",Data Science; Business Analytics; Statistics; Information Systems,100 Wall St New York NY 10005,$30.00/hr,40,3.4,US Citizen or PR
910004,Site Reliability Engineering Intern,NetLink Telecom,Atlanta GA,Internship,Summer (June - Sept),Active,NetLink Telecom Fiber and enterprise networking infrastructure operator.,"As a Site Reliability Engineering Intern at NetLink Telecom, you will work with engineers and mentors on real production projects. You will help build and test features using Pandas, Swift, and Git. Responsibilities include writing clean code, reviewing pull requests, documenting your work, and presenting progress to the team. You will collaborate across product and design to ship improvements used by customers. Ideal for students who enjoy problem solving and learning quickly.",2,"Pandas, Swift, Git, Machine Learning, CI/CD, PyTorch",Human-Computer Interaction; UX Design; Graphic Design,1180 Peachtree St NE Atlanta GA 30309,$26.00/hr,20,3.2,No Restriction
910005,Business Analyst Co-op,Pipeline Systems,Denver CO,Co-op,Summer (June - Sept),Active,"Pipeline Systems Focuses on CI/CD, containers, and deployment reliability.","As a Business Analyst Co-op at Pipeline Systems, you will work with engineers and mentors on real production projects. You will help build and test features using Docker, Agile, and JavaScript. Responsibilities include writing clean code, reviewing pull requests, documenting your work, and presenting progress to the team. You will collaborate across product and design to ship improvements used by customers. Ideal for students who enjoy problem solving and learning quickly.",4,"Docker, Agile, JavaScript, TypeScript, CSS, Pandas",Robotics Engineering; Computer Science; Computer Engineering,1700 Lincoln St Denver CO 80203,$26.00/hr,20,3.0,US Citizen Only
910006,Network Engineer Intern,Pipeline Systems,Seattle WA,Internship,Fall (Sept - Dec),Active,"Pipeline Systems Focuses on CI/CD, containers, and deployment reliability.","As a Network Engineer Intern at Pipeline Systems, you will work with engineers and mentors on real production projects. You will help build and test features using Agile, HTML, and CI/CD. Responsibilities include writing clean code, reviewing pull requests, documenting your work, and presenting progress to the team. You will collaborate across product and design to ship improvements used by customers. Ideal for students who enjoy problem solving and learning quickly.",1,"Agile, HTML, CI/CD, Machine Learning, JavaScript, Terraform",Bioinformatics; Biomedical Engineering; Data Science,1201 3rd Ave Seattle WA 98101,$31.00/hr,20,2.8,No Restriction
910007,Network Engineer Intern,AppWorks Studio,San Jose CA,Undergraduate Co-op,6 Months,Inactive,"AppWorks Studio Builds consumer mobile apps for fitness, wellness, and events.","As a Network Engineer Intern at AppWorks Studio, you will work with engineers and mentors on real production projects. You will help build and test features using Terraform, REST APIs, and Python. Responsibilities include writing clean code, reviewing pull requests, documenting your work, and presenting progress to the team. You will collaborate across product and design to ship improvements used by customers. Ideal for students who enjoy problem solving and learning quickly.",1,"Terraform, REST APIs, Python, Machine Learning, Swift, React",Human-Computer Interaction; UX Design; Graphic Design,200 S Mathilda Ave San Jose CA 95110,$33.00/hr,35,3.1,US Citizen or PR
910008,Cloud Engineer Intern,Shield Network Corp,Cambridge MA,Internship,3 Months,Inactive,Shield Network Corp Identity governance and encryption compliance for regulated industries.,"As a Cloud Engineer Intern at Shield Network Corp, you will work with engineers and mentors on real production projects. You will help build and test features using HTML, JavaScript, and React. Responsibilities include writing clean code, reviewing pull requests, documenting your work, and presenting progress to the team. You will collaborate across product and design to ship improvements used by customers. Ideal for students who enjoy problem solving and learning quickly.",3,"HTML, JavaScript, React, Machine Learning, Linux, Node.js",Robotics Engineering; Computer Science; Computer Engineering,1 Kendall Sq Cambridge MA 02139,$28.00/hr,20,3.3,US Citizen or PR
910009,Backend Developer Intern,Nexus Digital Products,New York NY,Undergraduate Co-op,3 Months,Active,Nexus Digital Products Creates ERP modules and workflow software for healthcare providers.,"As a Backend Developer Intern at Nexus Digital Products, you will work with engineers and mentors on real production projects. You will help build and test features using Django, PostgreSQL, and Terraform. Responsibilities include writing clean code, reviewing pull requests, documenting your work, and presenting progress to the team. You will collaborate across product and design to ship improvements used by customers. Ideal for students who enjoy problem solving and learning quickly.",3,"Django, PostgreSQL, Terraform, Swift, Python, HTML",Computer Science; Software Engineering; Computer Engineering,100 Wall St New York NY 10005,$27.50/hr,35,3.4,US Citizen Only
910010,React Developer Co-op,Harbor Analytics,Seattle WA,Internship,Fall (Sept - Dec),Inactive,Harbor Analytics Helps hospitals understand patient and operations data.,"As a React Developer Co-op at Harbor Analytics, you will work with engineers and mentors on real production projects. You will help build and test features using Django, PyTorch, and CSS. Responsibilities include writing clean code, reviewing pull requests, documenting your work, and presenting progress to the team. You will collaborate across product and design to ship improvements used by customers. Ideal for students who enjoy problem solving and learning quickly.",4,"Django, PyTorch, CSS, Agile, Kubernetes, Java",Robotics Engineering; Computer Science; Computer Engineering,1201 3rd Ave Seattle WA 98101,$26.00/hr,35,2.8,No Restriction
910011,Machine Learning Intern,Vanguard Analytics Lab,Boston MA,Co-op,6 Months,Active,Vanguard Analytics Lab Provides predictive modeling and business intelligence for logistics teams.,"As a Machine Learning Intern at Vanguard Analytics Lab, you will work with engineers and mentors on real production projects. You will help build and test features using SQL, Machine Learning, and React. Responsibilities include writing clean code, reviewing pull requests, documenting your work, and presenting progress to the team. You will collaborate across product and design to ship improvements used by customers. Ideal for students who enjoy problem solving and learning quickly.",2,"SQL, Machine Learning, React, TypeScript, Git, Agile",Data Science; Business Analytics; Statistics; Information Systems,100 Federal St Boston MA 02110,$28.00/hr,20,3.0,None
910012,AI Research Intern,Cognitive Dynamics Lab,San Jose CA,Internship,6 Months,Active,Cognitive Dynamics Lab Develops edge-AI perception models for robotics and automation.,"As a AI Research Intern at Cognitive Dynamics Lab, you will work with engineers and mentors on real production projects. You will help build and test features using Django, Kubernetes, and AWS. Responsibilities include writing clean code, reviewing pull requests, documenting your work, and presenting progress to the team. You will collaborate across product and design to ship improvements used by customers. Ideal for students who enjoy problem solving and learning quickly.",4,"Django, Kubernetes, AWS, REST APIs, Agile, PyTorch",Cloud Computing; Computer Science; Software Engineering,200 S Mathilda Ave San Jose CA 95110,$29.00/hr,35,3.2,None
910013,Full Stack Web Developer Co-op,Nexus Digital Products,Raleigh NC,Co-op,3 Months,Active,Nexus Digital Products Creates ERP modules and workflow software for healthcare providers.,"As a Full Stack Web Developer Co-op at Nexus Digital Products, you will work with engineers and mentors on real production projects. You will help build and test features using Git, Selenium, and AWS. Responsibilities include writing clean code, reviewing pull requests, documenting your work, and presenting progress to the team. You will collaborate across product and design to ship improvements used by customers. Ideal for students who enjoy problem solving and learning quickly.",2,"Git, Selenium, AWS, HTML, React, CSS",Computer Science; Software Engineering; Computer Engineering,421 Fayetteville St Raleigh NC 27601,$33.00/hr,20,3.2,None
910014,Python Developer Co-op,TrueCheck Software,Seattle WA,Internship,3 Months,Active,TrueCheck Software Delivers automated testing frameworks and CI quality tools.,"As a Python Developer Co-op at TrueCheck Software, you will work with engineers and mentors on real production projects. You will help build and test features using React, REST APIs, and PostgreSQL. Responsibilities include writing clean code, reviewing pull requests, documenting your work, and presenting progress to the team. You will collaborate across product and design to ship improvements used by customers. Ideal for students who enjoy problem solving and learning quickly.",2,"React, REST APIs, PostgreSQL, Node.js, PyTorch, CSS",Robotics Engineering; Computer Science; Computer Engineering,1201 3rd Ave Seattle WA 98101,$31.00/hr,40,3.1,No Restriction
910015,Business Analyst Co-op,DataVault Solutions,Philadelphia PA,Internship,Fall (Sept - Dec),Active,DataVault Solutions Hosts high-availability databases and backup platforms.,"As a Business Analyst Co-op at DataVault Solutions, you will work with engineers and mentors on real production projects. You will help build and test features using Python, AWS, and HTML. Responsibilities include writing clean code, reviewing pull requests, documenting your work, and presenting progress to the team. You will collaborate across product and design to ship improvements used by customers. Ideal for students who enjoy problem solving and learning quickly.",3,"Python, AWS, HTML, Swift, SQL, Agile",Data Science; Business Analytics; Statistics; Information Systems,1500 Market St Philadelphia PA 19102,$27.50/hr,40,3.1,No Restriction
910016,Mobile App Developer Co-op,Cognitive Dynamics Lab,Austin TX,Internship,6 Months,Active,Cognitive Dynamics Lab Develops edge-AI perception models for robotics and automation.,"As a Mobile App Developer Co-op at Cognitive Dynamics Lab, you will work with engineers and mentors on real production projects. You will help build and test features using HTML, Agile, and Swift. Responsibilities include writing clean code, reviewing pull requests, documenting your work, and presenting progress to the team. You will collaborate across product and design to ship improvements used by customers. Ideal for students who enjoy problem solving and learning quickly.",4,"HTML, Agile, Swift, Python, Kotlin, Kubernetes",Human-Computer Interaction; UX Design; Graphic Design,500 W 2nd St Austin TX 78701,$29.00/hr,40,3.3,US Citizen Only
910017,Embedded Systems Co-op,Ironclad Security Systems,Raleigh NC,Co-op,6 Months,Active,"Ironclad Security Systems Offers threat detection, endpoint monitoring, and zero-trust tooling.","As a Embedded Systems Co-op at Ironclad Security Systems, you will work with engineers and mentors on real production projects. You will help build and test features using Linux, Machine Learning, and Kotlin. Responsibilities include writing clean code, reviewing pull requests, documenting your work, and presenting progress to the team. You will collaborate across product and design to ship improvements used by customers. Ideal for students who enjoy problem solving and learning quickly.",4,"Linux, Machine Learning, Kotlin, JavaScript, React, Terraform",Cybersecurity; Computer Science; Information Technology,421 Fayetteville St Raleigh NC 27601,$30.00/hr,20,3.3,US Citizen Only
910018,Java Developer Intern,Nexus Digital Products,Atlanta GA,Undergraduate Co-op,3 Months,Inactive,Nexus Digital Products Creates ERP modules and workflow software for healthcare providers.,"As a Java Developer Intern at Nexus Digital Products, you will work with engineers and mentors on real production projects. You will help build and test features using Django, Python, and Swift. Responsibilities include writing clean code, reviewing pull requests, documenting your work, and presenting progress to the team. You will collaborate across product and design to ship improvements used by customers. Ideal for students who enjoy problem solving and learning quickly.",2,"Django, Python, Swift, Kubernetes, TypeScript, CSS",Human-Computer Interaction; UX Design; Graphic Design,1180 Peachtree St NE Atlanta GA 30309,$26.00/hr,35,3.1,US Citizen Only
910019,Frontend Developer Co-op,Aether Interactive,McLean VA,Co-op,Summer (June - Sept),Inactive,Aether Interactive Independent studio building multiplayer action games.,"As a Frontend Developer Co-op at Aether Interactive, you will work with engineers and mentors on real production projects. You will help build and test features using CI/CD, Git, and AWS. Responsibilities include writing clean code, reviewing pull requests, documenting your work, and presenting progress to the team. You will collaborate across product and design to ship improvements used by customers. Ideal for students who enjoy problem solving and learning quickly.",4,"CI/CD, Git, AWS, Node.js, Pandas, Django",Cybersecurity; Computer Science; Information Technology,1650 Tysons Blvd McLean VA 22102,$30.00/hr,40,3.4,None
910020,Bioinformatics Co-op,BioGenix Analytics,New York NY,Undergraduate Co-op,6 Months,Active,BioGenix Analytics ML and stats tooling for genomic and clinical research.,"As a Bioinformatics Co-op at BioGenix Analytics, you will work with engineers and mentors on real production projects. You will help build and test features using Agile, Python, and Django. Responsibilities include writing clean code, reviewing pull requests, documenting your work, and presenting progress to the team. You will collaborate across product and design to ship improvements used by customers. Ideal for students who enjoy problem solving and learning quickly.",3,"Agile, Python, Django, React, Selenium, HTML",Cloud Computing; Computer Science; Software Engineering,100 Wall St New York NY 10005,$33.00/hr,40,3.4,None
910021,Machine Learning Intern,Strata Infrastructure,Chicago IL,Co-op,6 Months,Inactive,"Strata Infrastructure Manages multi-cloud hosting, IaC, and compliance for finance clients.","As a Machine Learning Intern at Strata Infrastructure, you will work with engineers and mentors on real production projects. You will help build and test features using Java, Swift, and TypeScript. Responsibilities include writing clean code, reviewing pull requests, documenting your work, and presenting progress to the team. You will collaborate across product and design to ship improvements used by customers. Ideal for students who enjoy problem solving and learning quickly.",3,"Java, Swift, TypeScript, CSS, Machine Learning, Node.js",Human-Computer Interaction; UX Design; Graphic Design,150 N Riverside Plaza Chicago IL 60606,$31.00/hr,35,3.3,No Restriction
910022,Frontend Developer Co-op,Aether Interactive,Raleigh NC,Internship,6 Months,Inactive,Aether Interactive Independent studio building multiplayer action games.,"As a Frontend Developer Co-op at Aether Interactive, you will work with engineers and mentors on real production projects. You will help build and test features using CSS, AWS, and Node.js. Responsibilities include writing clean code, reviewing pull requests, documenting your work, and presenting progress to the team. You will collaborate across product and design to ship improvements used by customers. Ideal for students who enjoy problem solving and learning quickly.",4,"CSS, AWS, Node.js, SQL, Machine Learning, Django",Computer Engineering; Electrical Engineering; Embedded Systems,421 Fayetteville St Raleigh NC 27601,$26.00/hr,20,3.1,No Restriction
910023,Machine Learning Intern,Ironclad Security Systems,Dallas TX,Co-op,Summer (June - Sept),Active,"Ironclad Security Systems Offers threat detection, endpoint monitoring, and zero-trust tooling.","As a Machine Learning Intern at Ironclad Security Systems, you will work with engineers and mentors on real production projects. You will help build and test features using Docker, TypeScript, and Django. Responsibilities include writing clean code, reviewing pull requests, documenting your work, and presenting progress to the team. You will collaborate across product and design to ship improvements used by customers. Ideal for students who enjoy problem solving and learning quickly.",4,"Docker, TypeScript, Django, PyTorch, Kubernetes, REST APIs",Human-Computer Interaction; UX Design; Graphic Design,2100 Ross Ave Dallas TX 75201,$31.00/hr,40,3.3,No Restriction
910024,Site Reliability Engineering Intern,Beacon Commerce Solutions,San Diego CA,Internship,Fall (Sept - Dec),Active,Beacon Commerce Solutions Powers e-commerce platforms and payment APIs for retail brands.,"As a Site Reliability Engineering Intern at Beacon Commerce Solutions, you will work with engineers and mentors on real production projects. You will help build and test features using PostgreSQL, React, and PyTorch. Responsibilities include writing clean code, reviewing pull requests, documenting your work, and presenting progress to the team. You will collaborate across product and design to ship improvements used by customers. Ideal for students who enjoy problem solving and learning quickly.",3,"PostgreSQL, React, PyTorch, Pandas, CSS, Linux",Computer Engineering; Electrical Engineering; Embedded Systems,600 B St San Diego CA 92101,$26.00/hr,20,3.2,None
910025,Java Developer Intern,Pipeline Systems,Denver CO,Undergraduate Co-op,Summer (June - Sept),Active,"Pipeline Systems Focuses on CI/CD, containers, and deployment reliability.","As a Java Developer Intern at Pipeline Systems, you will work with engineers and mentors on real production projects. You will help build and test features using Machine Learning, PyTorch, and Python. Responsibilities include writing clean code, reviewing pull requests, documenting your work, and presenting progress to the team. You will collaborate across product and design to ship improvements used by customers. Ideal for students who enjoy problem solving and learning quickly.",1,"Machine Learning, PyTorch, Python, Linux, Git, CSS",Human-Computer Interaction; UX Design; Graphic Design,1700 Lincoln St Denver CO 80203,$26.00/hr,40,3.2,US Citizen Only
910026,Bioinformatics Co-op,Vanguard Analytics Lab,New York NY,Internship,3 Months,Inactive,Vanguard Analytics Lab Provides predictive modeling and business intelligence for logistics teams.,"As a Bioinformatics Co-op at Vanguard Analytics Lab, you will work with engineers and mentors on real production projects. You will help build and test features using AWS, Swift, and Django. Responsibilities include writing clean code, reviewing pull requests, documenting your work, and presenting progress to the team. You will collaborate across product and design to ship improvements used by customers. Ideal for students who enjoy problem solving and learning quickly.",3,"AWS, Swift, Django, Pandas, Terraform, Kotlin",Data Science; Business Analytics; Statistics; Information Systems,100 Wall St New York NY 10005,$28.00/hr,40,- None -,US Citizen or PR
910027,Backend Developer Intern,PixelCraft Labs,Chicago IL,Co-op,6 Months,Active,PixelCraft Labs Collaborative web tools for designers and publishing teams.,"As a Backend Developer Intern at PixelCraft Labs, you will work with engineers and mentors on real production projects. You will help build and test features using Python, Kubernetes, and JavaScript. Responsibilities include writing clean code, reviewing pull requests, documenting your work, and presenting progress to the team. You will collaborate across product and design to ship improvements used by customers. Ideal for students who enjoy problem solving and learning quickly.",1,"Python, Kubernetes, JavaScript, AWS, Selenium, Agile",Cloud Computing; Computer Science; Software Engineering,150 N Riverside Plaza Chicago IL 60606,$26.00/hr,35,3.4,No Restriction
910028,AI Research Intern,TrueCheck Software,New York NY,Internship,6 Months,Active,TrueCheck Software Delivers automated testing frameworks and CI quality tools.,"As a AI Research Intern at TrueCheck Software, you will work with engineers and mentors on real production projects. You will help build and test features using Java, CSS, and PyTorch. Responsibilities include writing clean code, reviewing pull requests, documenting your work, and presenting progress to the team. You will collaborate across product and design to ship improvements used by customers. Ideal for students who enjoy problem solving and learning quickly.",2,"Java, CSS, PyTorch, PostgreSQL, TypeScript, React",Bioinformatics; Biomedical Engineering; Data Science,100 Wall St New York NY 10005,$31.00/hr,35,3.4,US Citizen or PR
910029,UI/UX Design Co-op,AppWorks Studio,Atlanta GA,Co-op,6 Months,Active,"AppWorks Studio Builds consumer mobile apps for fitness, wellness, and events.","As a UI/UX Design Co-op at AppWorks Studio, you will work with engineers and mentors on real production projects. You will help build and test features using Terraform, React, and AWS. Responsibilities include writing clean code, reviewing pull requests, documenting your work, and presenting progress to the team. You will collaborate across product and design to ship improvements used by customers. Ideal for students who enjoy problem solving and learning quickly.",2,"Terraform, React, AWS, REST APIs, Python, Selenium",Cloud Computing; Computer Science; Software Engineering,1180 Peachtree St NE Atlanta GA 30309,$27.50/hr,35,3.0,No Restriction
910030,Java Developer Intern,NetLink Telecom,San Diego CA,Internship,3 Months,Active,NetLink Telecom Fiber and enterprise networking infrastructure operator.,"As a Java Developer Intern at NetLink Telecom, you will work with engineers and mentors on real production projects. You will help build and test features using Linux, CSS, and Docker. Responsibilities include writing clean code, reviewing pull requests, documenting your work, and presenting progress to the team. You will collaborate across product and design to ship improvements used by customers. Ideal for students who enjoy problem solving and learning quickly.",4,"Linux, CSS, Docker, PyTorch, SQL, PostgreSQL",Computer Engineering; Electrical Engineering; Embedded Systems,600 B St San Diego CA 92101,$26.00/hr,40,3.0,None
910031,Product Management Intern,TrueCheck Software,New York NY,Undergraduate Co-op,3 Months,Active,TrueCheck Software Delivers automated testing frameworks and CI quality tools.,"As a Product Management Intern at TrueCheck Software, you will work with engineers and mentors on real production projects. You will help build and test features using Java, JavaScript, and Terraform. Responsibilities include writing clean code, reviewing pull requests, documenting your work, and presenting progress to the team. You will collaborate across product and design to ship improvements used by customers. Ideal for students who enjoy problem solving and learning quickly.",1,"Java, JavaScript, Terraform, Linux, CSS, Docker",Cloud Computing; Computer Science; Software Engineering,100 Wall St New York NY 10005,$27.50/hr,40,3.2,No Restriction
910032,DevOps Engineering Co-op,Apex Cloud Solutions,Seattle WA,Co-op,Summer (June - Sept),Active,Apex Cloud Solutions Builds cloud-native developer tools and microservices platforms for mid-market companies.,"As a DevOps Engineering Co-op at Apex Cloud Solutions, you will work with engineers and mentors on real production projects. You will help build and test features using Git, Node.js, and Kotlin. Responsibilities include writing clean code, reviewing pull requests, documenting your work, and presenting progress to the team. You will collaborate across product and design to ship improvements used by customers. Ideal for students who enjoy problem solving and learning quickly.",1,"Git, Node.js, Kotlin, PostgreSQL, Java, Docker",Computer Engineering; Electrical Engineering; Embedded Systems,1201 3rd Ave Seattle WA 98101,$29.00/hr,40,3.3,US Citizen Only
910033,IT Support Co-op,Aether Interactive,Austin TX,Co-op,Fall (Sept - Dec),Active,Aether Interactive Independent studio building multiplayer action games.,"As a IT Support Co-op at Aether Interactive, you will work with engineers and mentors on real production projects. You will help build and test features using PostgreSQL, CSS, and Python. Responsibilities include writing clean code, reviewing pull requests, documenting your work, and presenting progress to the team. You will collaborate across product and design to ship improvements used by customers. Ideal for students who enjoy problem solving and learning quickly.",4,"PostgreSQL, CSS, Python, JavaScript, AWS, PyTorch",Computer Science; Software Engineering; Computer Engineering,500 W 2nd St Austin TX 78701,$28.00/hr,35,2.8,US Citizen or PR
910034,React Developer Co-op,Ironclad Security Systems,Atlanta GA,Internship,Fall (Sept - Dec),Active,"Ironclad Security Systems Offers threat detection, endpoint monitoring, and zero-trust tooling.","As a React Developer Co-op at Ironclad Security Systems, you will work with engineers and mentors on real production projects. You will help build and test features using Swift, Django, and Terraform. Responsibilities include writing clean code, reviewing pull requests, documenting your work, and presenting progress to the team. You will collaborate across product and design to ship improvements used by customers. Ideal for students who enjoy problem solving and learning quickly.",3,"Swift, Django, Terraform, PyTorch, Agile, Linux",Cybersecurity; Computer Science; Information Technology,1180 Peachtree St NE Atlanta GA 30309,$26.00/hr,20,3.4,No Restriction
910035,Data Science Co-op,Aether Interactive,Cambridge MA,Undergraduate Co-op,3 Months,Active,Aether Interactive Independent studio building multiplayer action games.,"As a Data Science Co-op at Aether Interactive, you will work with engineers and mentors on real production projects. You will help build and test features using CSS, Swift, and Kotlin. Responsibilities include writing clean code, reviewing pull requests, documenting your work, and presenting progress to the team. You will collaborate across product and design to ship improvements used by customers. Ideal for students who enjoy problem solving and learning quickly.",1,"CSS, Swift, Kotlin, CI/CD, Python, PyTorch",Computer Science; Software Engineering; Computer Engineering,1 Kendall Sq Cambridge MA 02139,$27.50/hr,20,3.2,None
910036,UI/UX Design Co-op,Shield Network Corp,Atlanta GA,Internship,Summer (June - Sept),Active,Shield Network Corp Identity governance and encryption compliance for regulated industries.,"As a UI/UX Design Co-op at Shield Network Corp, you will work with engineers and mentors on real production projects. You will help build and test features using Java, Kubernetes, and Python. Responsibilities include writing clean code, reviewing pull requests, documenting your work, and presenting progress to the team. You will collaborate across product and design to ship improvements used by customers. Ideal for students who enjoy problem solving and learning quickly.",4,"Java, Kubernetes, Python, Swift, Node.js, PostgreSQL",Data Science; Business Analytics; Statistics; Information Systems,1180 Peachtree St NE Atlanta GA 30309,$31.00/hr,20,3.4,None
910037,Backend Developer Intern,Aether Interactive,Raleigh NC,Undergraduate Co-op,3 Months,Active,Aether Interactive Independent studio building multiplayer action games.,"As a Backend Developer Intern at Aether Interactive, you will work with engineers and mentors on real production projects. You will help build and test features using Selenium, HTML, and AWS. Responsibilities include writing clean code, reviewing pull requests, documenting your work, and presenting progress to the team. You will collaborate across product and design to ship improvements used by customers. Ideal for students who enjoy problem solving and learning quickly.",4,"Selenium, HTML, AWS, JavaScript, Kotlin, PostgreSQL",Cloud Computing; Computer Science; Software Engineering,421 Fayetteville St Raleigh NC 27601,$33.00/hr,35,3.0,No Restriction
910038,Bioinformatics Co-op,AppWorks Studio,Philadelphia PA,Co-op,Summer (June - Sept),Active,"AppWorks Studio Builds consumer mobile apps for fitness, wellness, and events.","As a Bioinformatics Co-op at AppWorks Studio, you will work with engineers and mentors on real production projects. You will help build and test features using Agile, Kubernetes, and Swift. Responsibilities include writing clean code, reviewing pull requests, documenting your work, and presenting progress to the team. You will collaborate across product and design to ship improvements used by customers. Ideal for students who enjoy problem solving and learning quickly.",3,"Agile, Kubernetes, Swift, SQL, JavaScript, Kotlin",Cybersecurity; Computer Science; Information Technology,1500 Market St Philadelphia PA 19102,$26.00/hr,35,3.0,No Restriction
910039,Site Reliability Engineering Intern,TrueCheck Software,Boston MA,Internship,Fall (Sept - Dec),Inactive,TrueCheck Software Delivers automated testing frameworks and CI quality tools.,"As a Site Reliability Engineering Intern at TrueCheck Software, you will work with engineers and mentors on real production projects. You will help build and test features using PyTorch, SQL, and Terraform. Responsibilities include writing clean code, reviewing pull requests, documenting your work, and presenting progress to the team. You will collaborate across product and design to ship improvements used by customers. Ideal for students who enjoy problem solving and learning quickly.",4,"PyTorch, SQL, Terraform, HTML, Docker, CSS",Data Science; Business Analytics; Statistics; Information Systems,100 Federal St Boston MA 02110,$30.00/hr,40,3.2,None
910040,Software Engineering Intern,NetLink Telecom,Chicago IL,Co-op,3 Months,Active,NetLink Telecom Fiber and enterprise networking infrastructure operator.,"As a Software Engineering Intern at NetLink Telecom, you will work with engineers and mentors on real production projects. You will help build and test features using Machine Learning, JavaScript, and CSS. Responsibilities include writing clean code, reviewing pull requests, documenting your work, and presenting progress to the team. You will collaborate across product and design to ship improvements used by customers. Ideal for students who enjoy problem solving and learning quickly.",1,"Machine Learning, JavaScript, CSS, Kotlin, AWS, Linux",Cybersecurity; Computer Science; Information Technology,150 N Riverside Plaza Chicago IL 60606,$31.00/hr,20,3.2,US Citizen Only
910041,AI Research Intern,Nexus Digital Products,San Diego CA,Internship,Fall (Sept - Dec),Inactive,Nexus Digital Products Creates ERP modules and workflow software for healthcare providers.,"As a AI Research Intern at Nexus Digital Products, you will work with engineers and mentors on real production projects. You will help build and test features using Kubernetes, CSS, and AWS. Responsibilities include writing clean code, reviewing pull requests, documenting your work, and presenting progress to the team. You will collaborate across product and design to ship improvements used by customers. Ideal for students who enjoy problem solving and learning quickly.",1,"Kubernetes, CSS, AWS, TypeScript, REST APIs, PostgreSQL",Cybersecurity; Computer Science; Information Technology,600 B St San Diego CA 92101,$26.00/hr,35,2.8,No Restriction
910042,QA Automation Intern,Shield Network Corp,Raleigh NC,Internship,6 Months,Active,Shield Network Corp Identity governance and encryption compliance for regulated industries.,"As a QA Automation Intern at Shield Network Corp, you will work with engineers and mentors on real production projects. You will help build and test features using Django, Pandas, and REST APIs. Responsibilities include writing clean code, reviewing pull requests, documenting your work, and presenting progress to the team. You will collaborate across product and design to ship improvements used by customers. Ideal for students who enjoy problem solving and learning quickly.",3,"Django, Pandas, REST APIs, Linux, Git, TypeScript",Robotics Engineering; Computer Science; Computer Engineering,421 Fayetteville St Raleigh NC 27601,$26.00/hr,40,2.8,None
910043,DevOps Engineering Co-op,AppWorks Studio,Seattle WA,Internship,Summer (June - Sept),Active,"AppWorks Studio Builds consumer mobile apps for fitness, wellness, and events.","As a DevOps Engineering Co-op at AppWorks Studio, you will work with engineers and mentors on real production projects. You will help build and test features using JavaScript, Linux, and Swift. Responsibilities include writing clean code, reviewing pull requests, documenting your work, and presenting progress to the team. You will collaborate across product and design to ship improvements used by customers. Ideal for students who enjoy problem solving and learning quickly.",3,"JavaScript, Linux, Swift, CI/CD, Kotlin, REST APIs",Data Science; Business Analytics; Statistics; Information Systems,1201 3rd Ave Seattle WA 98101,$26.00/hr,20,3.2,US Citizen or PR
910044,DevOps Engineering Co-op,Strata Infrastructure,San Jose CA,Undergraduate Co-op,Fall (Sept - Dec),Active,"Strata Infrastructure Manages multi-cloud hosting, IaC, and compliance for finance clients.","As a DevOps Engineering Co-op at Strata Infrastructure, you will work with engineers and mentors on real production projects. You will help build and test features using CSS, Git, and SQL. Responsibilities include writing clean code, reviewing pull requests, documenting your work, and presenting progress to the team. You will collaborate across product and design to ship improvements used by customers. Ideal for students who enjoy problem solving and learning quickly.",1,"CSS, Git, SQL, REST APIs, Pandas, Python",Computer Science; Software Engineering; Computer Engineering,200 S Mathilda Ave San Jose CA 95110,$31.00/hr,35,3.3,US Citizen or PR
910045,Database Intern,AppWorks Studio,Philadelphia PA,Internship,Summer (June - Sept),Active,"AppWorks Studio Builds consumer mobile apps for fitness, wellness, and events.","As a Database Intern at AppWorks Studio, you will work with engineers and mentors on real production projects. You will help build and test features using Node.js, Django, and React. Responsibilities include writing clean code, reviewing pull requests, documenting your work, and presenting progress to the team. You will collaborate across product and design to ship improvements used by customers. Ideal for students who enjoy problem solving and learning quickly.",3,"Node.js, Django, React, HTML, Pandas, Git",Robotics Engineering; Computer Science; Computer Engineering,1500 Market St Philadelphia PA 19102,$31.00/hr,40,3.2,No Restriction
910046,Site Reliability Engineering Intern,QuantEdge Capital,San Jose CA,Undergraduate Co-op,Fall (Sept - Dec),Active,QuantEdge Capital Algorithmic trading tools and portfolio risk engines.,"As a Site Reliability Engineering Intern at QuantEdge Capital, you will work with engineers and mentors on real production projects. You will help build and test features using TypeScript, React, and Kubernetes. Responsibilities include writing clean code, reviewing pull requests, documenting your work, and presenting progress to the team. You will collaborate across product and design to ship improvements used by customers. Ideal for students who enjoy problem solving and learning quickly.",4,"TypeScript, React, Kubernetes, Swift, JavaScript, SQL",Computer Engineering; Electrical Engineering; Embedded Systems,200 S Mathilda Ave San Jose CA 95110,$33.00/hr,35,3.3,US Citizen or PR
910047,Machine Learning Intern,QuantEdge Capital,Austin TX,Co-op,Summer (June - Sept),Active,QuantEdge Capital Algorithmic trading tools and portfolio risk engines.,"As a Machine Learning Intern at QuantEdge Capital, you will work with engineers and mentors on real production projects. You will help build and test features using JavaScript, React, and Git. Responsibilities include writing clean code, reviewing pull requests, documenting your work, and presenting progress to the team. You will collaborate across product and design to ship improvements used by customers. Ideal for students who enjoy problem solving and learning quickly.",2,"JavaScript, React, Git, Node.js, Kotlin, Selenium",Computer Science; Software Engineering; Computer Engineering,500 W 2nd St Austin TX 78701,$31.00/hr,35,3.3,No Restriction
910048,Machine Learning Intern,Aether Interactive,San Jose CA,Internship,3 Months,Active,Aether Interactive Independent studio building multiplayer action games.,"As a Machine Learning Intern at Aether Interactive, you will work with engineers and mentors on real production projects. You will help build and test features using AWS, Git, and Java. Responsibilities include writing clean code, reviewing pull requests, documenting your work, and presenting progress to the team. You will collaborate across product and design to ship improvements used by customers. Ideal for students who enjoy problem solving and learning quickly.",1,"AWS, Git, Java, HTML, Kotlin, CI/CD",Bioinformatics; Biomedical Engineering; Data Science,200 S Mathilda Ave San Jose CA 95110,$27.50/hr,35,3.3,No Restriction
910049,QA Automation Intern,PixelCraft Labs,San Diego CA,Internship,6 Months,Active,PixelCraft Labs Collaborative web tools for designers and publishing teams.,"As a QA Automation Intern at PixelCraft Labs, you will work with engineers and mentors on real production projects. You will help build and test features using Python, Django, and Java. Responsibilities include writing clean code, reviewing pull requests, documenting your work, and presenting progress to the team. You will collaborate across product and design to ship improvements used by customers. Ideal for students who enjoy problem solving and learning quickly.",4,"Python, Django, Java, Pandas, HTML, CI/CD",Cloud Computing; Computer Science; Software Engineering,600 B St San Diego CA 92101,$29.00/hr,40,- None -,None
910050,Data Science Co-op,Strata Infrastructure,New York NY,Co-op,6 Months,Active,"Strata Infrastructure Manages multi-cloud hosting, IaC, and compliance for finance clients.","As a Data Science Co-op at Strata Infrastructure, you will work with engineers and mentors on real production projects. You will help build and test features using CSS, Terraform, and TypeScript. Responsibilities include writing clean code, reviewing pull requests, documenting your work, and presenting progress to the team. You will collaborate across product and design to ship improvements used by customers. Ideal for students who enjoy problem solving and learning quickly.",2,"CSS, Terraform, TypeScript, PyTorch, Kubernetes, Machine Learning",Human-Computer Interaction; UX Design; Graphic Design,100 Wall St New York NY 10005,$30.00/hr,40,2.8,US Citizen Only
910051,IT Support Co-op,Nexus Digital Products,Chicago IL,Co-op,Summer (June - Sept),Active,Nexus Digital Products Creates ERP modules and workflow software for healthcare providers.,"As a IT Support Co-op at Nexus Digital Products, you will work with engineers and mentors on real production projects. You will help build and test features using CSS, Kubernetes, and Pandas. Responsibilities include writing clean code, reviewing pull requests, documenting your work, and presenting progress to the team. You will collaborate across product and design to ship improvements used by customers. Ideal for students who enjoy problem solving and learning quickly.",4,"CSS, Kubernetes, Pandas, PyTorch, TypeScript, Terraform",Bioinformatics; Biomedical Engineering; Data Science,150 N Riverside Plaza Chicago IL 60606,$27.50/hr,20,3.0,None
910052,QA Automation Intern,QuantEdge Capital,Denver CO,Co-op,3 Months,Active,QuantEdge Capital Algorithmic trading tools and portfolio risk engines.,"As a QA Automation Intern at QuantEdge Capital, you will work with engineers and mentors on real production projects. You will help build and test features using AWS, Git, and Kubernetes. Responsibilities include writing clean code, reviewing pull requests, documenting your work, and presenting progress to the team. You will collaborate across product and design to ship improvements used by customers. Ideal for students who enjoy problem solving and learning quickly.",4,"AWS, Git, Kubernetes, PostgreSQL, HTML, CSS",Bioinformatics; Biomedical Engineering; Data Science,1700 Lincoln St Denver CO 80203,$26.00/hr,40,3.1,No Restriction
910053,Backend Developer Intern,PixelCraft Labs,Chicago IL,Co-op,Summer (June - Sept),Inactive,PixelCraft Labs Collaborative web tools for designers and publishing teams.,"As a Backend Developer Intern at PixelCraft Labs, you will work with engineers and mentors on real production projects. You will help build and test features using PostgreSQL, Terraform, and Pandas. Responsibilities include writing clean code, reviewing pull requests, documenting your work, and presenting progress to the team. You will collaborate across product and design to ship improvements used by customers. Ideal for students who enjoy problem solving and learning quickly.",3,"PostgreSQL, Terraform, Pandas, REST APIs, Kotlin, HTML",Robotics Engineering; Computer Science; Computer Engineering,150 N Riverside Plaza Chicago IL 60606,$27.50/hr,40,- None -,US Citizen Only
910054,Backend Developer Intern,Aether Interactive,Austin TX,Co-op,Summer (June - Sept),Active,Aether Interactive Independent studio building multiplayer action games.,"As a Backend Developer Intern at Aether Interactive, you will work with engineers and mentors on real production projects. You will help build and test features using HTML, SQL, and Docker. Responsibilities include writing clean code, reviewing pull requests, documenting your work, and presenting progress to the team. You will collaborate across product and design to ship improvements used by customers. Ideal for students who enjoy problem solving and learning quickly.",1,"HTML, SQL, Docker, Swift, PostgreSQL, Machine Learning",Cloud Computing; Computer Science; Software Engineering,500 W 2nd St Austin TX 78701,$30.00/hr,40,3.1,No Restriction
910055,Site Reliability Engineering Intern,PixelCraft Labs,Philadelphia PA,Undergraduate Co-op,3 Months,Inactive,PixelCraft Labs Collaborative web tools for designers and publishing teams.,"As a Site Reliability Engineering Intern at PixelCraft Labs, you will work with engineers and mentors on real production projects. You will help build and test features using Agile, Django, and Linux. Responsibilities include writing clean code, reviewing pull requests, documenting your work, and presenting progress to the team. You will collaborate across product and design to ship improvements used by customers. Ideal for students who enjoy problem solving and learning quickly.",1,"Agile, Django, Linux, Java, SQL, Python",Computer Science; Software Engineering; Computer Engineering,1500 Market St Philadelphia PA 19102,$27.50/hr,35,3.3,US Citizen Only
910056,Backend Developer Intern,Lumina Interactive,Cambridge MA,Undergraduate Co-op,Fall (Sept - Dec),Active,Lumina Interactive Designs creative software and design workflow tools for agencies.,"As a Backend Developer Intern at Lumina Interactive, you will work with engineers and mentors on real production projects. You will help build and test features using React, Git, and SQL. Responsibilities include writing clean code, reviewing pull requests, documenting your work, and presenting progress to the team. You will collaborate across product and design to ship improvements used by customers. Ideal for students who enjoy problem solving and learning quickly.",3,"React, Git, SQL, Kotlin, Kubernetes, CSS",Robotics Engineering; Computer Science; Computer Engineering,1 Kendall Sq Cambridge MA 02139,$33.00/hr,35,3.2,No Restriction
910057,Full Stack Web Developer Co-op,Beacon Commerce Solutions,Philadelphia PA,Undergraduate Co-op,3 Months,Inactive,Beacon Commerce Solutions Powers e-commerce platforms and payment APIs for retail brands.,"As a Full Stack Web Developer Co-op at Beacon Commerce Solutions, you will work with engineers and mentors on real production projects. You will help build and test features using JavaScript, AWS, and Kotlin. Responsibilities include writing clean code, reviewing pull requests, documenting your work, and presenting progress to the team. You will collaborate across product and design to ship improvements used by customers. Ideal for students who enjoy problem solving and learning quickly.",3,"JavaScript, AWS, Kotlin, REST APIs, Pandas, TypeScript",Bioinformatics; Biomedical Engineering; Data Science,1500 Market St Philadelphia PA 19102,$33.00/hr,35,3.0,None
910058,Machine Learning Intern,NetLink Telecom,Seattle WA,Co-op,Fall (Sept - Dec),Active,NetLink Telecom Fiber and enterprise networking infrastructure operator.,"As a Machine Learning Intern at NetLink Telecom, you will work with engineers and mentors on real production projects. You will help build and test features using Node.js, Machine Learning, and SQL. Responsibilities include writing clean code, reviewing pull requests, documenting your work, and presenting progress to the team. You will collaborate across product and design to ship improvements used by customers. Ideal for students who enjoy problem solving and learning quickly.",4,"Node.js, Machine Learning, SQL, Git, REST APIs, HTML",Computer Science; Software Engineering; Computer Engineering,1201 3rd Ave Seattle WA 98101,$29.00/hr,40,3.3,None
910059,DevOps Engineering Co-op,Vanguard Analytics Lab,Austin TX,Internship,6 Months,Active,Vanguard Analytics Lab Provides predictive modeling and business intelligence for logistics teams.,"As a DevOps Engineering Co-op at Vanguard Analytics Lab, you will work with engineers and mentors on real production projects. You will help build and test features using Selenium, JavaScript, and Agile. Responsibilities include writing clean code, reviewing pull requests, documenting your work, and presenting progress to the team. You will collaborate across product and design to ship improvements used by customers. Ideal for students who enjoy problem solving and learning quickly.",3,"Selenium, JavaScript, Agile, Git, REST APIs, AWS",Bioinformatics; Biomedical Engineering; Data Science,500 W 2nd St Austin TX 78701,$28.00/hr,40,2.8,None
910060,Frontend Developer Co-op,Apex Cloud Solutions,Boston MA,Internship,3 Months,Inactive,Apex Cloud Solutions Builds cloud-native developer tools and microservices platforms for mid-market companies.,"As a Frontend Developer Co-op at Apex Cloud Solutions, you will work with engineers and mentors on real production projects. You will help build and test features using HTML, PyTorch, and Machine Learning. Responsibilities include writing clean code, reviewing pull requests, documenting your work, and presenting progress to the team. You will collaborate across product and design to ship improvements used by customers. Ideal for students who enjoy problem solving and learning quickly.",2,"HTML, PyTorch, Machine Learning, Linux, AWS, Pandas",Computer Science; Software Engineering; Computer Engineering,100 Federal St Boston MA 02110,$33.00/hr,20,3.2,US Citizen or PR
910061,Frontend Developer Co-op,Harbor Analytics,Seattle WA,Co-op,Fall (Sept - Dec),Active,Harbor Analytics Helps hospitals understand patient and operations data.,"As a Frontend Developer Co-op at Harbor Analytics, you will work with engineers and mentors on real production projects. You will help build and test features using Git, Machine Learning, and REST APIs. Responsibilities include writing clean code, reviewing pull requests, documenting your work, and presenting progress to the team. You will collaborate across product and design to ship improvements used by customers. Ideal for students who enjoy problem solving and learning quickly.",2,"Git, Machine Learning, REST APIs, Agile, JavaScript, CSS",Robotics Engineering; Computer Science; Computer Engineering,1201 3rd Ave Seattle WA 98101,$26.00/hr,20,3.0,No Restriction
910062,Java Developer Intern,QuantEdge Capital,Seattle WA,Co-op,3 Months,Active,QuantEdge Capital Algorithmic trading tools and portfolio risk engines.,"As a Java Developer Intern at QuantEdge Capital, you will work with engineers and mentors on real production projects. You will help build and test features using React, Pandas, and TypeScript. Responsibilities include writing clean code, reviewing pull requests, documenting your work, and presenting progress to the team. You will collaborate across product and design to ship improvements used by customers. Ideal for students who enjoy problem solving and learning quickly.",4,"React, Pandas, TypeScript, JavaScript, AWS, Agile",Cloud Computing; Computer Science; Software Engineering,1201 3rd Ave Seattle WA 98101,$31.00/hr,35,3.1,US Citizen or PR
910063,Product Management Intern,Nexus Digital Products,Denver CO,Internship,Summer (June - Sept),Active,Nexus Digital Products Creates ERP modules and workflow software for healthcare providers.,"As a Product Management Intern at Nexus Digital Products, you will work with engineers and mentors on real production projects. You will help build and test features using Agile, Terraform, and PostgreSQL. Responsibilities include writing clean code, reviewing pull requests, documenting your work, and presenting progress to the team. You will collaborate across product and design to ship improvements used by customers. Ideal for students who enjoy problem solving and learning quickly.",3,"Agile, Terraform, PostgreSQL, Node.js, Swift, TypeScript",Computer Engineering; Electrical Engineering; Embedded Systems,1700 Lincoln St Denver CO 80203,$28.00/hr,20,3.2,US Citizen or PR
910064,Frontend Developer Co-op,BioGenix Analytics,New York NY,Internship,6 Months,Inactive,BioGenix Analytics ML and stats tooling for genomic and clinical research.,"As a Frontend Developer Co-op at BioGenix Analytics, you will work with engineers and mentors on real production projects. You will help build and test features using PostgreSQL, Kotlin, and Django. Responsibilities include writing clean code, reviewing pull requests, documenting your work, and presenting progress to the team. You will collaborate across product and design to ship improvements used by customers. Ideal for students who enjoy problem solving and learning quickly.",3,"PostgreSQL, Kotlin, Django, Docker, CI/CD, SQL",Human-Computer Interaction; UX Design; Graphic Design,100 Wall St New York NY 10005,$30.00/hr,20,3.1,None
910065,Software Engineering Co-op,BioGenix Analytics,Boston MA,Internship,3 Months,Active,BioGenix Analytics ML and stats tooling for genomic and clinical research.,"As a Software Engineering Co-op at BioGenix Analytics, you will work with engineers and mentors on real production projects. You will help build and test features using Python, HTML, and PostgreSQL. Responsibilities include writing clean code, reviewing pull requests, documenting your work, and presenting progress to the team. You will collaborate across product and design to ship improvements used by customers. Ideal for students who enjoy problem solving and learning quickly.",1,"Python, HTML, PostgreSQL, Machine Learning, REST APIs, Java",Human-Computer Interaction; UX Design; Graphic Design,100 Federal St Boston MA 02110,$30.00/hr,20,3.1,None
910066,Python Developer Co-op,DataVault Solutions,San Diego CA,Co-op,Summer (June - Sept),Active,DataVault Solutions Hosts high-availability databases and backup platforms.,"As a Python Developer Co-op at DataVault Solutions, you will work with engineers and mentors on real production projects. You will help build and test features using React, Machine Learning, and Agile. Responsibilities include writing clean code, reviewing pull requests, documenting your work, and presenting progress to the team. You will collaborate across product and design to ship improvements used by customers. Ideal for students who enjoy problem solving and learning quickly.",1,"React, Machine Learning, Agile, AWS, Terraform, Python",Computer Engineering; Electrical Engineering; Embedded Systems,600 B St San Diego CA 92101,$28.00/hr,40,3.0,US Citizen or PR
910067,Software Engineering Co-op,TrueCheck Software,Pittsburgh PA,Undergraduate Co-op,Summer (June - Sept),Active,TrueCheck Software Delivers automated testing frameworks and CI quality tools.,"As a Software Engineering Co-op at TrueCheck Software, you will work with engineers and mentors on real production projects. You will help build and test features using Selenium, Kubernetes, and SQL. Responsibilities include writing clean code, reviewing pull requests, documenting your work, and presenting progress to the team. You will collaborate across product and design to ship improvements used by customers. Ideal for students who enjoy problem solving and learning quickly.",3,"Selenium, Kubernetes, SQL, Python, Git, Pandas",Data Science; Business Analytics; Statistics; Information Systems,300 Technology Dr Pittsburgh PA 15219,$27.50/hr,40,- None -,No Restriction
910068,Database Intern,QuantEdge Capital,Boston MA,Undergraduate Co-op,6 Months,Active,QuantEdge Capital Algorithmic trading tools and portfolio risk engines.,"As a Database Intern at QuantEdge Capital, you will work with engineers and mentors on real production projects. You will help build and test features using Pandas, TypeScript, and Linux. Responsibilities include writing clean code, reviewing pull requests, documenting your work, and presenting progress to the team. You will collaborate across product and design to ship improvements used by customers. Ideal for students who enjoy problem solving and learning quickly.",4,"Pandas, TypeScript, Linux, Terraform, Node.js, Django",Bioinformatics; Biomedical Engineering; Data Science,100 Federal St Boston MA 02110,$29.00/hr,35,2.8,US Citizen Only
910069,Software Engineering Co-op,PixelCraft Labs,Chicago IL,Internship,3 Months,Inactive,PixelCraft Labs Collaborative web tools for designers and publishing teams.,"As a Software Engineering Co-op at PixelCraft Labs, you will work with engineers and mentors on real production projects. You will help build and test features using Selenium, CI/CD, and REST APIs. Responsibilities include writing clean code, reviewing pull requests, documenting your work, and presenting progress to the team. You will collaborate across product and design to ship improvements used by customers. Ideal for students who enjoy problem solving and learning quickly.",4,"Selenium, CI/CD, REST APIs, Pandas, PyTorch, Python",Human-Computer Interaction; UX Design; Graphic Design,150 N Riverside Plaza Chicago IL 60606,$26.00/hr,35,3.1,No Restriction
910070,Backend Developer Intern,Lumina Interactive,San Jose CA,Co-op,3 Months,Inactive,Lumina Interactive Designs creative software and design workflow tools for agencies.,"As a Backend Developer Intern at Lumina Interactive, you will work with engineers and mentors on real production projects. You will help build and test features using CI/CD, REST APIs, and Machine Learning. Responsibilities include writing clean code, reviewing pull requests, documenting your work, and presenting progress to the team. You will collaborate across product and design to ship improvements used by customers. Ideal for students who enjoy problem solving and learning quickly.",1,"CI/CD, REST APIs, Machine Learning, React, Django, Python",Computer Engineering; Electrical Engineering; Embedded Systems,200 S Mathilda Ave San Jose CA 95110,$31.00/hr,20,3.1,US Citizen or PR
910071,QA Automation Intern,DataVault Solutions,New York NY,Co-op,Summer (June - Sept),Active,DataVault Solutions Hosts high-availability databases and backup platforms.,"As a QA Automation Intern at DataVault Solutions, you will work with engineers and mentors on real production projects. You will help build and test features using CSS, React, and JavaScript. Responsibilities include writing clean code, reviewing pull requests, documenting your work, and presenting progress to the team. You will collaborate across product and design to ship improvements used by customers. Ideal for students who enjoy problem solving and learning quickly.",1,"CSS, React, JavaScript, TypeScript, Linux, HTML",Cloud Computing; Computer Science; Software Engineering,100 Wall St New York NY 10005,$28.00/hr,40,3.4,No Restriction
910072,Network Engineer Intern,Ironclad Security Systems,Pittsburgh PA,Undergraduate Co-op,3 Months,Inactive,"Ironclad Security Systems Offers threat detection, endpoint monitoring, and zero-trust tooling.","As a Network Engineer Intern at Ironclad Security Systems, you will work with engineers and mentors on real production projects. You will help build and test features using PyTorch, React, and Kubernetes. Responsibilities include writing clean code, reviewing pull requests, documenting your work, and presenting progress to the team. You will collaborate across product and design to ship improvements used by customers. Ideal for students who enjoy problem solving and learning quickly.",2,"PyTorch, React, Kubernetes, PostgreSQL, Agile, Linux",Human-Computer Interaction; UX Design; Graphic Design,300 Technology Dr Pittsburgh PA 15219,$26.00/hr,35,3.4,US Citizen or PR
910073,Cybersecurity Co-op,Shield Network Corp,Boston MA,Undergraduate Co-op,6 Months,Active,Shield Network Corp Identity governance and encryption compliance for regulated industries.,"As a Cybersecurity Co-op at Shield Network Corp, you will work with engineers and mentors on real production projects. You will help build and test features using Django, PostgreSQL, and Selenium. Responsibilities include writing clean code, reviewing pull requests, documenting your work, and presenting progress to the team. You will collaborate across product and design to ship improvements used by customers. Ideal for students who enjoy problem solving and learning quickly.",1,"Django, PostgreSQL, Selenium, SQL, Java, Node.js",Robotics Engineering; Computer Science; Computer Engineering,100 Federal St Boston MA 02110,$30.00/hr,35,3.4,US Citizen Only
910074,QA Automation Intern,PixelCraft Labs,Pittsburgh PA,Undergraduate Co-op,Fall (Sept - Dec),Active,PixelCraft Labs Collaborative web tools for designers and publishing teams.,"As a QA Automation Intern at PixelCraft Labs, you will work with engineers and mentors on real production projects. You will help build and test features using PostgreSQL, Pandas, and Linux. Responsibilities include writing clean code, reviewing pull requests, documenting your work, and presenting progress to the team. You will collaborate across product and design to ship improvements used by customers. Ideal for students who enjoy problem solving and learning quickly.",1,"PostgreSQL, Pandas, Linux, Terraform, REST APIs, Machine Learning",Computer Science; Software Engineering; Computer Engineering,300 Technology Dr Pittsburgh PA 15219,$30.00/hr,35,3.3,US Citizen or PR
910075,Bioinformatics Co-op,BioGenix Analytics,Pittsburgh PA,Co-op,3 Months,Active,BioGenix Analytics ML and stats tooling for genomic and clinical research.,"As a Bioinformatics Co-op at BioGenix Analytics, you will work with engineers and mentors on real production projects. You will help build and test features using Swift, Machine Learning, and React. Responsibilities include writing clean code, reviewing pull requests, documenting your work, and presenting progress to the team. You will collaborate across product and design to ship improvements used by customers. Ideal for students who enjoy problem solving and learning quickly.",4,"Swift, Machine Learning, React, HTML, Linux, TypeScript",Computer Engineering; Electrical Engineering; Embedded Systems,300 Technology Dr Pittsburgh PA 15219,$26.00/hr,35,3.4,None
910076,IT Support Co-op,Vanguard Analytics Lab,New York NY,Undergraduate Co-op,Fall (Sept - Dec),Active,Vanguard Analytics Lab Provides predictive modeling and business intelligence for logistics teams.,"As a IT Support Co-op at Vanguard Analytics Lab, you will work with engineers and mentors on real production projects. You will help build and test features using JavaScript, Selenium, and Git. Responsibilities include writing clean code, reviewing pull requests, documenting your work, and presenting progress to the team. You will collaborate across product and design to ship improvements used by customers. Ideal for students who enjoy problem solving and learning quickly.",1,"JavaScript, Selenium, Git, CSS, Kotlin, Java",Data Science; Business Analytics; Statistics; Information Systems,100 Wall St New York NY 10005,$30.00/hr,20,2.8,None
910077,Data Science Co-op,Cognitive Dynamics Lab,Cambridge MA,Internship,Summer (June - Sept),Active,Cognitive Dynamics Lab Develops edge-AI perception models for robotics and automation.,"As a Data Science Co-op at Cognitive Dynamics Lab, you will work with engineers and mentors on real production projects. You will help build and test features using HTML, Docker, and React. Responsibilities include writing clean code, reviewing pull requests, documenting your work, and presenting progress to the team. You will collaborate across product and design to ship improvements used by customers. Ideal for students who enjoy problem solving and learning quickly.",3,"HTML, Docker, React, Terraform, PostgreSQL, JavaScript",Bioinformatics; Biomedical Engineering; Data Science,1 Kendall Sq Cambridge MA 02139,$33.00/hr,35,3.1,US Citizen Only
910078,Database Intern,Aether Interactive,Austin TX,Internship,6 Months,Active,Aether Interactive Independent studio building multiplayer action games.,"As a Database Intern at Aether Interactive, you will work with engineers and mentors on real production projects. You will help build and test features using CI/CD, AWS, and Agile. Responsibilities include writing clean code, reviewing pull requests, documenting your work, and presenting progress to the team. You will collaborate across product and design to ship improvements used by customers. Ideal for students who enjoy problem solving and learning quickly.",2,"CI/CD, AWS, Agile, CSS, PostgreSQL, Git",Robotics Engineering; Computer Science; Computer Engineering,500 W 2nd St Austin TX 78701,$27.50/hr,20,3.2,US Citizen Only
910079,Data Analytics Intern,Shield Network Corp,McLean VA,Internship,Fall (Sept - Dec),Active,Shield Network Corp Identity governance and encryption compliance for regulated industries.,"As a Data Analytics Intern at Shield Network Corp, you will work with engineers and mentors on real production projects. You will help build and test features using Kotlin, AWS, and TypeScript. Responsibilities include writing clean code, reviewing pull requests, documenting your work, and presenting progress to the team. You will collaborate across product and design to ship improvements used by customers. Ideal for students who enjoy problem solving and learning quickly.",3,"Kotlin, AWS, TypeScript, CSS, Java, Kubernetes",Robotics Engineering; Computer Science; Computer Engineering,1650 Tysons Blvd McLean VA 22102,$31.00/hr,35,3.2,No Restriction
910080,React Developer Co-op,DataVault Solutions,New York NY,Undergraduate Co-op,6 Months,Active,DataVault Solutions Hosts high-availability databases and backup platforms.,"As a React Developer Co-op at DataVault Solutions, you will work with engineers and mentors on real production projects. You will help build and test features using REST APIs, Git, and JavaScript. Responsibilities include writing clean code, reviewing pull requests, documenting your work, and presenting progress to the team. You will collaborate across product and design to ship improvements used by customers. Ideal for students who enjoy problem solving and learning quickly.",3,"REST APIs, Git, JavaScript, Machine Learning, PostgreSQL, React",Bioinformatics; Biomedical Engineering; Data Science,100 Wall St New York NY 10005,$31.00/hr,20,2.8,US Citizen Only
910081,Business Analyst Co-op,Apex Cloud Solutions,Philadelphia PA,Internship,Summer (June - Sept),Active,Apex Cloud Solutions Builds cloud-native developer tools and microservices platforms for mid-market companies.,"As a Business Analyst Co-op at Apex Cloud Solutions, you will work with engineers and mentors on real production projects. You will help build and test features using PostgreSQL, Django, and Docker. Responsibilities include writing clean code, reviewing pull requests, documenting your work, and presenting progress to the team. You will collaborate across product and design to ship improvements used by customers. Ideal for students who enjoy problem solving and learning quickly.",2,"PostgreSQL, Django, Docker, Agile, Kubernetes, Pandas",Cloud Computing; Computer Science; Software Engineering,1500 Market St Philadelphia PA 19102,$27.50/hr,20,2.8,None
910082,Software Engineering Co-op,Apex Cloud Solutions,Philadelphia PA,Undergraduate Co-op,3 Months,Inactive,Apex Cloud Solutions Builds cloud-native developer tools and microservices platforms for mid-market companies.,"As a Software Engineering Co-op at Apex Cloud Solutions, you will work with engineers and mentors on real production projects. You will help build and test features using CI/CD, REST APIs, and Docker. Responsibilities include writing clean code, reviewing pull requests, documenting your work, and presenting progress to the team. You will collaborate across product and design to ship improvements used by customers. Ideal for students who enjoy problem solving and learning quickly.",3,"CI/CD, REST APIs, Docker, TypeScript, CSS, Swift",Cybersecurity; Computer Science; Information Technology,1500 Market St Philadelphia PA 19102,$27.50/hr,35,3.4,No Restriction
910083,Data Science Co-op,Beacon Commerce Solutions,Philadelphia PA,Co-op,3 Months,Active,Beacon Commerce Solutions Powers e-commerce platforms and payment APIs for retail brands.,"As a Data Science Co-op at Beacon Commerce Solutions, you will work with engineers and mentors on real production projects. You will help build and test features using Kotlin, PostgreSQL, and PyTorch. Responsibilities include writing clean code, reviewing pull requests, documenting your work, and presenting progress to the team. You will collaborate across product and design to ship improvements used by customers. Ideal for students who enjoy problem solving and learning quickly.",4,"Kotlin, PostgreSQL, PyTorch, Django, Machine Learning, TypeScript",Bioinformatics; Biomedical Engineering; Data Science,1500 Market St Philadelphia PA 19102,$26.00/hr,40,2.8,US Citizen Only
910084,IT Support Co-op,Harbor Analytics,Pittsburgh PA,Co-op,6 Months,Active,Harbor Analytics Helps hospitals understand patient and operations data.,"As a IT Support Co-op at Harbor Analytics, you will work with engineers and mentors on real production projects. You will help build and test features using Machine Learning, Agile, and CSS. Responsibilities include writing clean code, reviewing pull requests, documenting your work, and presenting progress to the team. You will collaborate across product and design to ship improvements used by customers. Ideal for students who enjoy problem solving and learning quickly.",1,"Machine Learning, Agile, CSS, HTML, PostgreSQL, React",Robotics Engineering; Computer Science; Computer Engineering,300 Technology Dr Pittsburgh PA 15219,$27.50/hr,40,3.1,None
910085,Software Engineering Intern,Lumina Interactive,Pittsburgh PA,Undergraduate Co-op,Fall (Sept - Dec),Active,Lumina Interactive Designs creative software and design workflow tools for agencies.,"As a Software Engineering Intern at Lumina Interactive, you will work with engineers and mentors on real production projects. You will help build and test features using Node.js, Terraform, and SQL. Responsibilities include writing clean code, reviewing pull requests, documenting your work, and presenting progress to the team. You will collaborate across product and design to ship improvements used by customers. Ideal for students who enjoy problem solving and learning quickly.",3,"Node.js, Terraform, SQL, Django, Pandas, Selenium",Data Science; Business Analytics; Statistics; Information Systems,300 Technology Dr Pittsburgh PA 15219,$28.00/hr,20,3.0,No Restriction
910086,Software Engineering Intern,QuantEdge Capital,San Jose CA,Co-op,3 Months,Active,QuantEdge Capital Algorithmic trading tools and portfolio risk engines.,"As a Software Engineering Intern at QuantEdge Capital, you will work with engineers and mentors on real production projects. You will help build and test features using Pandas, Selenium, and Machine Learning. Responsibilities include writing clean code, reviewing pull requests, documenting your work, and presenting progress to the team. You will collaborate across product and design to ship improvements used by customers. Ideal for students who enjoy problem solving and learning quickly.",3,"Pandas, Selenium, Machine Learning, JavaScript, Kubernetes, Swift",Human-Computer Interaction; UX Design; Graphic Design,200 S Mathilda Ave San Jose CA 95110,$31.00/hr,40,3.0,US Citizen Only
910087,Network Engineer Intern,TrueCheck Software,Philadelphia PA,Internship,Summer (June - Sept),Active,TrueCheck Software Delivers automated testing frameworks and CI quality tools.,"As a Network Engineer Intern at TrueCheck Software, you will work with engineers and mentors on real production projects. You will help build and test features using AWS, Kubernetes, and Node.js. Responsibilities include writing clean code, reviewing pull requests, documenting your work, and presenting progress to the team. You will collaborate across product and design to ship improvements used by customers. Ideal for students who enjoy problem solving and learning quickly.",1,"AWS, Kubernetes, Node.js, Terraform, Pandas, CSS",Computer Science; Software Engineering; Computer Engineering,1500 Market St Philadelphia PA 19102,$27.50/hr,35,3.1,US Citizen or PR
910088,Business Analyst Co-op,Beacon Commerce Solutions,Cambridge MA,Internship,Fall (Sept - Dec),Inactive,Beacon Commerce Solutions Powers e-commerce platforms and payment APIs for retail brands.,"As a Business Analyst Co-op at Beacon Commerce Solutions, you will work with engineers and mentors on real production projects. You will help build and test features using Git, SQL, and Linux. Responsibilities include writing clean code, reviewing pull requests, documenting your work, and presenting progress to the team. You will collaborate across product and design to ship improvements used by customers. Ideal for students who enjoy problem solving and learning quickly.",1,"Git, SQL, Linux, Kotlin, Agile, PostgreSQL",Computer Science; Software Engineering; Computer Engineering,1 Kendall Sq Cambridge MA 02139,$29.00/hr,20,3.1,US Citizen Only
910089,Cloud Engineer Intern,Cognitive Dynamics Lab,Pittsburgh PA,Co-op,6 Months,Active,Cognitive Dynamics Lab Develops edge-AI perception models for robotics and automation.,"As a Cloud Engineer Intern at Cognitive Dynamics Lab, you will work with engineers and mentors on real production projects. You will help build and test features using CI/CD, JavaScript, and Kotlin. Responsibilities include writing clean code, reviewing pull requests, documenting your work, and presenting progress to the team. You will collaborate across product and design to ship improvements used by customers. Ideal for students who enjoy problem solving and learning quickly.",2,"CI/CD, JavaScript, Kotlin, React, Django, Java",Computer Engineering; Electrical Engineering; Embedded Systems,300 Technology Dr Pittsburgh PA 15219,$27.50/hr,20,3.0,None
910090,Data Science Co-op,Vanguard Analytics Lab,Raleigh NC,Co-op,Summer (June - Sept),Active,Vanguard Analytics Lab Provides predictive modeling and business intelligence for logistics teams.,"As a Data Science Co-op at Vanguard Analytics Lab, you will work with engineers and mentors on real production projects. You will help build and test features using Kubernetes, Kotlin, and Java. Responsibilities include writing clean code, reviewing pull requests, documenting your work, and presenting progress to the team. You will collaborate across product and design to ship improvements used by customers. Ideal for students who enjoy problem solving and learning quickly.",1,"Kubernetes, Kotlin, Java, PyTorch, JavaScript, Selenium",Robotics Engineering; Computer Science; Computer Engineering,421 Fayetteville St Raleigh NC 27601,$26.00/hr,40,3.1,US Citizen or PR
910091,Software Engineering Co-op,Lumina Interactive,Philadelphia PA,Internship,Fall (Sept - Dec),Active,Lumina Interactive Designs creative software and design workflow tools for agencies.,"As a Software Engineering Co-op at Lumina Interactive, you will work with engineers and mentors on real production projects. You will help build and test features using Kotlin, Swift, and Kubernetes. Responsibilities include writing clean code, reviewing pull requests, documenting your work, and presenting progress to the team. You will collaborate across product and design to ship improvements used by customers. Ideal for students who enjoy problem solving and learning quickly.",2,"Kotlin, Swift, Kubernetes, JavaScript, Selenium, Terraform",Data Science; Business Analytics; Statistics; Information Systems,1500 Market St Philadelphia PA 19102,$33.00/hr,20,3.1,US Citizen Only
910092,Mobile App Developer Co-op,Pipeline Systems,San Jose CA,Undergraduate Co-op,Summer (June - Sept),Active,"Pipeline Systems Focuses on CI/CD, containers, and deployment reliability.","As a Mobile App Developer Co-op at Pipeline Systems, you will work with engineers and mentors on real production projects. You will help build and test features using AWS, Python, and REST APIs. Responsibilities include writing clean code, reviewing pull requests, documenting your work, and presenting progress to the team. You will collaborate across product and design to ship improvements used by customers. Ideal for students who enjoy problem solving and learning quickly.",4,"AWS, Python, REST APIs, Kotlin, Docker, Java",Bioinformatics; Biomedical Engineering; Data Science,200 S Mathilda Ave San Jose CA 95110,$30.00/hr,20,3.0,No Restriction
910093,Product Management Intern,Apex Cloud Solutions,Atlanta GA,Undergraduate Co-op,3 Months,Active,Apex Cloud Solutions Builds cloud-native developer tools and microservices platforms for mid-market companies.,"As a Product Management Intern at Apex Cloud Solutions, you will work with engineers and mentors on real production projects. You will help build and test features using Swift, TypeScript, and REST APIs. Responsibilities include writing clean code, reviewing pull requests, documenting your work, and presenting progress to the team. You will collaborate across product and design to ship improvements used by customers. Ideal for students who enjoy problem solving and learning quickly.",3,"Swift, TypeScript, REST APIs, HTML, Java, Node.js",Cybersecurity; Computer Science; Information Technology,1180 Peachtree St NE Atlanta GA 30309,$29.00/hr,40,3.4,US Citizen or PR
910094,Bioinformatics Co-op,AppWorks Studio,McLean VA,Undergraduate Co-op,3 Months,Inactive,"AppWorks Studio Builds consumer mobile apps for fitness, wellness, and events.","As a Bioinformatics Co-op at AppWorks Studio, you will work with engineers and mentors on real production projects. You will help build and test features using Java, Python, and REST APIs. Responsibilities include writing clean code, reviewing pull requests, documenting your work, and presenting progress to the team. You will collaborate across product and design to ship improvements used by customers. Ideal for students who enjoy problem solving and learning quickly.",3,"Java, Python, REST APIs, HTML, TypeScript, PyTorch",Bioinformatics; Biomedical Engineering; Data Science,1650 Tysons Blvd McLean VA 22102,$30.00/hr,40,3.2,US Citizen or PR
910095,Database Intern,Strata Infrastructure,New York NY,Undergraduate Co-op,Summer (June - Sept),Active,"Strata Infrastructure Manages multi-cloud hosting, IaC, and compliance for finance clients.","As a Database Intern at Strata Infrastructure, you will work with engineers and mentors on real production projects. You will help build and test features using TypeScript, Kubernetes, and JavaScript. Responsibilities include writing clean code, reviewing pull requests, documenting your work, and presenting progress to the team. You will collaborate across product and design to ship improvements used by customers. Ideal for students who enjoy problem solving and learning quickly.",1,"TypeScript, Kubernetes, JavaScript, HTML, Node.js, Kotlin",Robotics Engineering; Computer Science; Computer Engineering,100 Wall St New York NY 10005,$29.00/hr,20,3.0,No Restriction
910096,Cybersecurity Co-op,Apex Cloud Solutions,Austin TX,Internship,3 Months,Inactive,Apex Cloud Solutions Builds cloud-native developer tools and microservices platforms for mid-market companies.,"As a Cybersecurity Co-op at Apex Cloud Solutions, you will work with engineers and mentors on real production projects. You will help build and test features using Docker, AWS, and Pandas. Responsibilities include writing clean code, reviewing pull requests, documenting your work, and presenting progress to the team. You will collaborate across product and design to ship improvements used by customers. Ideal for students who enjoy problem solving and learning quickly.",2,"Docker, AWS, Pandas, Node.js, CSS, React",Computer Science; Software Engineering; Computer Engineering,500 W 2nd St Austin TX 78701,$28.00/hr,20,3.2,US Citizen or PR
910097,Site Reliability Engineering Intern,BioGenix Analytics,Atlanta GA,Undergraduate Co-op,3 Months,Active,BioGenix Analytics ML and stats tooling for genomic and clinical research.,"As a Site Reliability Engineering Intern at BioGenix Analytics, you will work with engineers and mentors on real production projects. You will help build and test features using Selenium, Git, and React. Responsibilities include writing clean code, reviewing pull requests, documenting your work, and presenting progress to the team. You will collaborate across product and design to ship improvements used by customers. Ideal for students who enjoy problem solving and learning quickly.",3,"Selenium, Git, React, Machine Learning, PyTorch, AWS",Cloud Computing; Computer Science; Software Engineering,1180 Peachtree St NE Atlanta GA 30309,$31.00/hr,20,3.1,US Citizen or PR
910098,QA Automation Intern,TrueCheck Software,McLean VA,Undergraduate Co-op,Summer (June - Sept),Active,TrueCheck Software Delivers automated testing frameworks and CI quality tools.,"As a QA Automation Intern at TrueCheck Software, you will work with engineers and mentors on real production projects. You will help build and test features using PyTorch, Agile, and Django. Responsibilities include writing clean code, reviewing pull requests, documenting your work, and presenting progress to the team. You will collaborate across product and design to ship improvements used by customers. Ideal for students who enjoy problem solving and learning quickly.",2,"PyTorch, Agile, Django, Selenium, PostgreSQL, Git",Computer Engineering; Electrical Engineering; Embedded Systems,1650 Tysons Blvd McLean VA 22102,$27.50/hr,35,2.8,None
910099,Site Reliability Engineering Intern,Beacon Commerce Solutions,Boston MA,Internship,Summer (June - Sept),Active,Beacon Commerce Solutions Powers e-commerce platforms and payment APIs for retail brands.,"As a Site Reliability Engineering Intern at Beacon Commerce Solutions, you will work with engineers and mentors on real production projects. You will help build and test features using SQL, Linux, and Django. Responsibilities include writing clean code, reviewing pull requests, documenting your work, and presenting progress to the team. You will collaborate across product and design to ship improvements used by customers. Ideal for students who enjoy problem solving and learning quickly.",1,"SQL, Linux, Django, Selenium, Docker, Terraform",Data Science; Business Analytics; Statistics; Information Systems,100 Federal St Boston MA 02110,$28.00/hr,40,3.3,No Restriction
910100,Software Engineering Intern,Vanguard Analytics Lab,San Jose CA,Internship,Fall (Sept - Dec),Active,Vanguard Analytics Lab Provides predictive modeling and business intelligence for logistics teams.,"As a Software Engineering Intern at Vanguard Analytics Lab, you will work with engineers and mentors on real production projects. You will help build and test features using Kotlin, Pandas, and PyTorch. Responsibilities include writing clean code, reviewing pull requests, documenting your work, and presenting progress to the team. You will collaborate across product and design to ship improvements used by customers. Ideal for students who enjoy problem solving and learning quickly.",2,"Kotlin, Pandas, PyTorch, PostgreSQL, CSS, Kubernetes",Bioinformatics; Biomedical Engineering; Data Science,200 S Mathilda Ave San Jose CA 95110,$30.00/hr,20,3.3,None
910101,Product Management Intern,Strata Infrastructure,Raleigh NC,Undergraduate Co-op,3 Months,Active,"Strata Infrastructure Manages multi-cloud hosting, IaC, and compliance for finance clients.","As a Product Management Intern at Strata Infrastructure, you will work with engineers and mentors on real production projects. You will help build and test features using CI/CD, Kotlin, and Selenium. Responsibilities include writing clean code, reviewing pull requests, documenting your work, and presenting progress to the team. You will collaborate across product and design to ship improvements used by customers. Ideal for students who enjoy problem solving and learning quickly.",1,"CI/CD, Kotlin, Selenium, Kubernetes, Pandas, PostgreSQL",Cloud Computing; Computer Science; Software Engineering,421 Fayetteville St Raleigh NC 27601,$29.00/hr,35,3.2,None
910102,Frontend Developer Co-op,PixelCraft Labs,McLean VA,Internship,Fall (Sept - Dec),Inactive,PixelCraft Labs Collaborative web tools for designers and publishing teams.,"As a Frontend Developer Co-op at PixelCraft Labs, you will work with engineers and mentors on real production projects. You will help build and test features using Linux, PyTorch, and Swift. Responsibilities include writing clean code, reviewing pull requests, documenting your work, and presenting progress to the team. You will collaborate across product and design to ship improvements used by customers. Ideal for students who enjoy problem solving and learning quickly.",1,"Linux, PyTorch, Swift, Kubernetes, React, AWS",Robotics Engineering; Computer Science; Computer Engineering,1650 Tysons Blvd McLean VA 22102,$30.00/hr,20,2.8,US Citizen or PR
910103,Bioinformatics Co-op,Pipeline Systems,Philadelphia PA,Co-op,3 Months,Active,"Pipeline Systems Focuses on CI/CD, containers, and deployment reliability.","As a Bioinformatics Co-op at Pipeline Systems, you will work with engineers and mentors on real production projects. You will help build and test features using Linux, HTML, and TypeScript. Responsibilities include writing clean code, reviewing pull requests, documenting your work, and presenting progress to the team. You will collaborate across product and design to ship improvements used by customers. Ideal for students who enjoy problem solving and learning quickly.",3,"Linux, HTML, TypeScript, Java, AWS, Node.js",Data Science; Business Analytics; Statistics; Information Systems,1500 Market St Philadelphia PA 19102,$33.00/hr,20,3.3,US Citizen or PR
910104,Python Developer Co-op,NetLink Telecom,Philadelphia PA,Co-op,3 Months,Inactive,NetLink Telecom Fiber and enterprise networking infrastructure operator.,"As a Python Developer Co-op at NetLink Telecom, you will work with engineers and mentors on real production projects. You will help build and test features using Kubernetes, REST APIs, and CSS. Responsibilities include writing clean code, reviewing pull requests, documenting your work, and presenting progress to the team. You will collaborate across product and design to ship improvements used by customers. Ideal for students who enjoy problem solving and learning quickly.",1,"Kubernetes, REST APIs, CSS, Git, Pandas, Machine Learning",Computer Engineering; Electrical Engineering; Embedded Systems,1500 Market St Philadelphia PA 19102,$31.00/hr,40,3.2,US Citizen Only
910105,Cloud Engineer Intern,Shield Network Corp,Philadelphia PA,Undergraduate Co-op,Summer (June - Sept),Active,Shield Network Corp Identity governance and encryption compliance for regulated industries.,"As a Cloud Engineer Intern at Shield Network Corp, you will work with engineers and mentors on real production projects. You will help build and test features using Python, JavaScript, and Pandas. Responsibilities include writing clean code, reviewing pull requests, documenting your work, and presenting progress to the team. You will collaborate across product and design to ship improvements used by customers. Ideal for students who enjoy problem solving and learning quickly.",2,"Python, JavaScript, Pandas, Selenium, Kubernetes, REST APIs",Bioinformatics; Biomedical Engineering; Data Science,1500 Market St Philadelphia PA 19102,$31.00/hr,35,3.4,US Citizen or PR
910106,UI/UX Design Co-op,Shield Network Corp,Austin TX,Undergraduate Co-op,3 Months,Active,Shield Network Corp Identity governance and encryption compliance for regulated industries.,"As a UI/UX Design Co-op at Shield Network Corp, you will work with engineers and mentors on real production projects. You will help build and test features using React, Django, and JavaScript. Responsibilities include writing clean code, reviewing pull requests, documenting your work, and presenting progress to the team. You will collaborate across product and design to ship improvements used by customers. Ideal for students who enjoy problem solving and learning quickly.",3,"React, Django, JavaScript, Kubernetes, SQL, HTML",Robotics Engineering; Computer Science; Computer Engineering,500 W 2nd St Austin TX 78701,$29.00/hr,35,- None -,US Citizen or PR
910107,Cybersecurity Co-op,NetLink Telecom,McLean VA,Internship,3 Months,Inactive,NetLink Telecom Fiber and enterprise networking infrastructure operator.,"As a Cybersecurity Co-op at NetLink Telecom, you will work with engineers and mentors on real production projects. You will help build and test features using PostgreSQL, AWS, and PyTorch. Responsibilities include writing clean code, reviewing pull requests, documenting your work, and presenting progress to the team. You will collaborate across product and design to ship improvements used by customers. Ideal for students who enjoy problem solving and learning quickly.",1,"PostgreSQL, AWS, PyTorch, Linux, Terraform, Swift",Bioinformatics; Biomedical Engineering; Data Science,1650 Tysons Blvd McLean VA 22102,$28.00/hr,40,2.8,US Citizen Only
910108,Database Intern,Pipeline Systems,Denver CO,Co-op,Summer (June - Sept),Inactive,"Pipeline Systems Focuses on CI/CD, containers, and deployment reliability.","As a Database Intern at Pipeline Systems, you will work with engineers and mentors on real production projects. You will help build and test features using Pandas, Agile, and Kubernetes. Responsibilities include writing clean code, reviewing pull requests, documenting your work, and presenting progress to the team. You will collaborate across product and design to ship improvements used by customers. Ideal for students who enjoy problem solving and learning quickly.",1,"Pandas, Agile, Kubernetes, JavaScript, Terraform, REST APIs",Data Science; Business Analytics; Statistics; Information Systems,1700 Lincoln St Denver CO 80203,$33.00/hr,20,3.2,US Citizen or PR
910109,Cybersecurity Co-op,Aether Interactive,Dallas TX,Undergraduate Co-op,Summer (June - Sept),Active,Aether Interactive Independent studio building multiplayer action games.,"As a Cybersecurity Co-op at Aether Interactive, you will work with engineers and mentors on real production projects. You will help build and test features using CI/CD, Python, and Terraform. Responsibilities include writing clean code, reviewing pull requests, documenting your work, and presenting progress to the team. You will collaborate across product and design to ship improvements used by customers. Ideal for students who enjoy problem solving and learning quickly.",1,"CI/CD, Python, Terraform, Swift, SQL, JavaScript",Cybersecurity; Computer Science; Information Technology,2100 Ross Ave Dallas TX 75201,$33.00/hr,40,3.1,No Restriction
910110,Embedded Systems Co-op,DataVault Solutions,New York NY,Co-op,Summer (June - Sept),Active,DataVault Solutions Hosts high-availability databases and backup platforms.,"As a Embedded Systems Co-op at DataVault Solutions, you will work with engineers and mentors on real production projects. You will help build and test features using SQL, Linux, and Node.js. Responsibilities include writing clean code, reviewing pull requests, documenting your work, and presenting progress to the team. You will collaborate across product and design to ship improvements used by customers. Ideal for students who enjoy problem solving and learning quickly.",4,"SQL, Linux, Node.js, React, Agile, Terraform",Human-Computer Interaction; UX Design; Graphic Design,100 Wall St New York NY 10005,$30.00/hr,40,2.8,No Restriction
910111,Java Developer Intern,Lumina Interactive,Boston MA,Undergraduate Co-op,6 Months,Inactive,Lumina Interactive Designs creative software and design workflow tools for agencies.,"As a Java Developer Intern at Lumina Interactive, you will work with engineers and mentors on real production projects. You will help build and test features using AWS, Pandas, and PostgreSQL. Responsibilities include writing clean code, reviewing pull requests, documenting your work, and presenting progress to the team. You will collaborate across product and design to ship improvements used by customers. Ideal for students who enjoy problem solving and learning quickly.",4,"AWS, Pandas, PostgreSQL, Django, HTML, Terraform",Cybersecurity; Computer Science; Information Technology,100 Federal St Boston MA 02110,$31.00/hr,35,3.1,No Restriction
910112,Java Developer Intern,Beacon Commerce Solutions,Pittsburgh PA,Internship,Summer (June - Sept),Inactive,Beacon Commerce Solutions Powers e-commerce platforms and payment APIs for retail brands.,"As a Java Developer Intern at Beacon Commerce Solutions, you will work with engineers and mentors on real production projects. You will help build and test features using Selenium, Python, and React. Responsibilities include writing clean code, reviewing pull requests, documenting your work, and presenting progress to the team. You will collaborate across product and design to ship improvements used by customers. Ideal for students who enjoy problem solving and learning quickly.",3,"Selenium, Python, React, Git, Machine Learning, CI/CD",Robotics Engineering; Computer Science; Computer Engineering,300 Technology Dr Pittsburgh PA 15219,$29.00/hr,20,3.0,US Citizen or PR
910113,IT Support Co-op,DataVault Solutions,Dallas TX,Co-op,Fall (Sept - Dec),Inactive,DataVault Solutions Hosts high-availability databases and backup platforms.,"As a IT Support Co-op at DataVault Solutions, you will work with engineers and mentors on real production projects. You will help build and test features using Python, Kotlin, and Agile. Responsibilities include writing clean code, reviewing pull requests, documenting your work, and presenting progress to the team. You will collaborate across product and design to ship improvements used by customers. Ideal for students who enjoy problem solving and learning quickly.",2,"Python, Kotlin, Agile, Java, Terraform, Git",Computer Science; Software Engineering; Computer Engineering,2100 Ross Ave Dallas TX 75201,$27.50/hr,20,3.3,US Citizen or PR
910114,Full Stack Web Developer Co-op,Pipeline Systems,San Diego CA,Co-op,Summer (June - Sept),Inactive,"Pipeline Systems Focuses on CI/CD, containers, and deployment reliability.","As a Full Stack Web Developer Co-op at Pipeline Systems, you will work with engineers and mentors on real production projects. You will help build and test features using Terraform, REST APIs, and Git. Responsibilities include writing clean code, reviewing pull requests, documenting your work, and presenting progress to the team. You will collaborate across product and design to ship improvements used by customers. Ideal for students who enjoy problem solving and learning quickly.",3,"Terraform, REST APIs, Git, HTML, CSS, Node.js",Robotics Engineering; Computer Science; Computer Engineering,600 B St San Diego CA 92101,$28.00/hr,20,3.0,US Citizen Only
910115,Cybersecurity Co-op,AppWorks Studio,San Diego CA,Internship,3 Months,Inactive,"AppWorks Studio Builds consumer mobile apps for fitness, wellness, and events.","As a Cybersecurity Co-op at AppWorks Studio, you will work with engineers and mentors on real production projects. You will help build and test features using HTML, Linux, and Git. Responsibilities include writing clean code, reviewing pull requests, documenting your work, and presenting progress to the team. You will collaborate across product and design to ship improvements used by customers. Ideal for students who enjoy problem solving and learning quickly.",1,"HTML, Linux, Git, CSS, AWS, PyTorch",Computer Engineering; Electrical Engineering; Embedded Systems,600 B St San Diego CA 92101,$27.50/hr,35,2.8,US Citizen Only
910116,React Developer Co-op,Nexus Digital Products,Dallas TX,Undergraduate Co-op,6 Months,Inactive,Nexus Digital Products Creates ERP modules and workflow software for healthcare providers.,"As a React Developer Co-op at Nexus Digital Products, you will work with engineers and mentors on real production projects. You will help build and test features using JavaScript, Java, and Linux. Responsibilities include writing clean code, reviewing pull requests, documenting your work, and presenting progress to the team. You will collaborate across product and design to ship improvements used by customers. Ideal for students who enjoy problem solving and learning quickly.",3,"JavaScript, Java, Linux, Node.js, Selenium, PyTorch",Data Science; Business Analytics; Statistics; Information Systems,2100 Ross Ave Dallas TX 75201,$26.00/hr,40,3.1,No Restriction
910117,Bioinformatics Co-op,Harbor Analytics,Dallas TX,Co-op,6 Months,Active,Harbor Analytics Helps hospitals understand patient and operations data.,"As a Bioinformatics Co-op at Harbor Analytics, you will work with engineers and mentors on real production projects. You will help build and test features using Java, CSS, and Node.js. Responsibilities include writing clean code, reviewing pull requests, documenting your work, and presenting progress to the team. You will collaborate across product and design to ship improvements used by customers. Ideal for students who enjoy problem solving and learning quickly.",1,"Java, CSS, Node.js, Agile, Linux, PyTorch",Cloud Computing; Computer Science; Software Engineering,2100 Ross Ave Dallas TX 75201,$31.00/hr,40,3.0,US Citizen or PR
910118,Product Management Intern,Vanguard Analytics Lab,McLean VA,Undergraduate Co-op,Summer (June - Sept),Active,Vanguard Analytics Lab Provides predictive modeling and business intelligence for logistics teams.,"As a Product Management Intern at Vanguard Analytics Lab, you will work with engineers and mentors on real production projects. You will help build and test features using TypeScript, Kubernetes, and Python. Responsibilities include writing clean code, reviewing pull requests, documenting your work, and presenting progress to the team. You will collaborate across product and design to ship improvements used by customers. Ideal for students who enjoy problem solving and learning quickly.",2,"TypeScript, Kubernetes, Python, REST APIs, Django, Docker",Robotics Engineering; Computer Science; Computer Engineering,1650 Tysons Blvd McLean VA 22102,$26.00/hr,35,3.0,No Restriction
910119,IT Support Co-op,SkyGuard Cyber,Pittsburgh PA,Internship,Fall (Sept - Dec),Inactive,SkyGuard Cyber Cloud security posture management and compliance scanning.,"As a IT Support Co-op at SkyGuard Cyber, you will work with engineers and mentors on real production projects. You will help build and test features using Java, HTML, and CI/CD. Responsibilities include writing clean code, reviewing pull requests, documenting your work, and presenting progress to the team. You will collaborate across product and design to ship improvements used by customers. Ideal for students who enjoy problem solving and learning quickly.",1,"Java, HTML, CI/CD, CSS, Kotlin, TypeScript",Computer Science; Software Engineering; Computer Engineering,300 Technology Dr Pittsburgh PA 15219,$31.00/hr,35,3.4,US Citizen or PR
910120,Bioinformatics Co-op,NetLink Telecom,San Jose CA,Co-op,6 Months,Inactive,NetLink Telecom Fiber and enterprise networking infrastructure operator.,"As a Bioinformatics Co-op at NetLink Telecom, you will work with engineers and mentors on real production projects. You will help build and test features using Node.js, TypeScript, and JavaScript. Responsibilities include writing clean code, reviewing pull requests, documenting your work, and presenting progress to the team. You will collaborate across product and design to ship improvements used by customers. Ideal for students who enjoy problem solving and learning quickly.",1,"Node.js, TypeScript, JavaScript, Kubernetes, HTML, SQL",Computer Science; Software Engineering; Computer Engineering,200 S Mathilda Ave San Jose CA 95110,$31.00/hr,20,3.0,None
910121,Full Stack Web Developer Co-op,Cognitive Dynamics Lab,New York NY,Undergraduate Co-op,3 Months,Active,Cognitive Dynamics Lab Develops edge-AI perception models for robotics and automation.,"As a Full Stack Web Developer Co-op at Cognitive Dynamics Lab, you will work with engineers and mentors on real production projects. You will help build and test features using HTML, Python, and AWS. Responsibilities include writing clean code, reviewing pull requests, documenting your work, and presenting progress to the team. You will collaborate across product and design to ship improvements used by customers. Ideal for students who enjoy problem solving and learning quickly.",3,"HTML, Python, AWS, CI/CD, PostgreSQL, Machine Learning",Cybersecurity; Computer Science; Information Technology,100 Wall St New York NY 10005,$31.00/hr,40,3.2,No Restriction
910122,Site Reliability Engineering Intern,BioGenix Analytics,Cambridge MA,Co-op,6 Months,Inactive,BioGenix Analytics ML and stats tooling for genomic and clinical research.,"As a Site Reliability Engineering Intern at BioGenix Analytics, you will work with engineers and mentors on real production projects. You will help build and test features using AWS, Java, and PyTorch. Responsibilities include writing clean code, reviewing pull requests, documenting your work, and presenting progress to the team. You will collaborate across product and design to ship improvements used by customers. Ideal for students who enjoy problem solving and learning quickly.",3,"AWS, Java, PyTorch, Swift, Python, Selenium",Bioinformatics; Biomedical Engineering; Data Science,1 Kendall Sq Cambridge MA 02139,$31.00/hr,20,3.1,No Restriction
910123,Software Engineering Co-op,Harbor Analytics,Seattle WA,Co-op,6 Months,Active,Harbor Analytics Helps hospitals understand patient and operations data.,"As a Software Engineering Co-op at Harbor Analytics, you will work with engineers and mentors on real production projects. You will help build and test features using REST APIs, CI/CD, and Selenium. Responsibilities include writing clean code, reviewing pull requests, documenting your work, and presenting progress to the team. You will collaborate across product and design to ship improvements used by customers. Ideal for students who enjoy problem solving and learning quickly.",2,"REST APIs, CI/CD, Selenium, Machine Learning, HTML, React",Robotics Engineering; Computer Science; Computer Engineering,1201 3rd Ave Seattle WA 98101,$29.00/hr,35,- None -,No Restriction
910124,Embedded Systems Co-op,TrueCheck Software,McLean VA,Undergraduate Co-op,Summer (June - Sept),Active,TrueCheck Software Delivers automated testing frameworks and CI quality tools.,"As a Embedded Systems Co-op at TrueCheck Software, you will work with engineers and mentors on real production projects. You will help build and test features using CI/CD, Git, and Docker. Responsibilities include writing clean code, reviewing pull requests, documenting your work, and presenting progress to the team. You will collaborate across product and design to ship improvements used by customers. Ideal for students who enjoy problem solving and learning quickly.",2,"CI/CD, Git, Docker, AWS, Java, Agile",Bioinformatics; Biomedical Engineering; Data Science,1650 Tysons Blvd McLean VA 22102,$30.00/hr,35,3.1,No Restriction
910125,Site Reliability Engineering Intern,Shield Network Corp,San Jose CA,Internship,Summer (June - Sept),Active,Shield Network Corp Identity governance and encryption compliance for regulated industries.,"As a Site Reliability Engineering Intern at Shield Network Corp, you will work with engineers and mentors on real production projects. You will help build and test features using Agile, Swift, and PostgreSQL. Responsibilities include writing clean code, reviewing pull requests, documenting your work, and presenting progress to the team. You will collaborate across product and design to ship improvements used by customers. Ideal for students who enjoy problem solving and learning quickly.",4,"Agile, Swift, PostgreSQL, Machine Learning, Docker, Python",Cybersecurity; Computer Science; Information Technology,200 S Mathilda Ave San Jose CA 95110,$30.00/hr,40,3.2,US Citizen or PR
910126,Data Science Co-op,SkyGuard Cyber,Chicago IL,Co-op,Fall (Sept - Dec),Inactive,SkyGuard Cyber Cloud security posture management and compliance scanning.,"As a Data Science Co-op at SkyGuard Cyber, you will work with engineers and mentors on real production projects. You will help build and test features using Kotlin, Node.js, and Terraform. Responsibilities include writing clean code, reviewing pull requests, documenting your work, and presenting progress to the team. You will collaborate across product and design to ship improvements used by customers. Ideal for students who enjoy problem solving and learning quickly.",2,"Kotlin, Node.js, Terraform, HTML, REST APIs, Swift",Human-Computer Interaction; UX Design; Graphic Design,150 N Riverside Plaza Chicago IL 60606,$28.00/hr,20,3.0,No Restriction
910127,Network Engineer Intern,BioGenix Analytics,Austin TX,Co-op,Summer (June - Sept),Active,BioGenix Analytics ML and stats tooling for genomic and clinical research.,"As a Network Engineer Intern at BioGenix Analytics, you will work with engineers and mentors on real production projects. You will help build and test features using AWS, CI/CD, and Python. Responsibilities include writing clean code, reviewing pull requests, documenting your work, and presenting progress to the team. You will collaborate across product and design to ship improvements used by customers. Ideal for students who enjoy problem solving and learning quickly.",2,"AWS, CI/CD, Python, Linux, Machine Learning, Node.js",Robotics Engineering; Computer Science; Computer Engineering,500 W 2nd St Austin TX 78701,$30.00/hr,20,3.2,US Citizen Only
910128,Python Developer Co-op,NetLink Telecom,Pittsburgh PA,Undergraduate Co-op,Summer (June - Sept),Active,NetLink Telecom Fiber and enterprise networking infrastructure operator.,"As a Python Developer Co-op at NetLink Telecom, you will work with engineers and mentors on real production projects. You will help build and test features using SQL, Kotlin, and Swift. Responsibilities include writing clean code, reviewing pull requests, documenting your work, and presenting progress to the team. You will collaborate across product and design to ship improvements used by customers. Ideal for students who enjoy problem solving and learning quickly.",3,"SQL, Kotlin, Swift, Selenium, JavaScript, React",Robotics Engineering; Computer Science; Computer Engineering,300 Technology Dr Pittsburgh PA 15219,$33.00/hr,20,- None -,US Citizen or PR
910129,Software Engineering Co-op,Strata Infrastructure,Cambridge MA,Co-op,3 Months,Active,"Strata Infrastructure Manages multi-cloud hosting, IaC, and compliance for finance clients.","As a Software Engineering Co-op at Strata Infrastructure, you will work with engineers and mentors on real production projects. You will help build and test features using HTML, REST APIs, and TypeScript. Responsibilities include writing clean code, reviewing pull requests, documenting your work, and presenting progress to the team. You will collaborate across product and design to ship improvements used by customers. Ideal for students who enjoy problem solving and learning quickly.",1,"HTML, REST APIs, TypeScript, Swift, Kubernetes, Machine Learning",Computer Engineering; Electrical Engineering; Embedded Systems,1 Kendall Sq Cambridge MA 02139,$28.00/hr,20,3.4,None
910130,Software Engineering Co-op,Lumina Interactive,Austin TX,Internship,Fall (Sept - Dec),Active,Lumina Interactive Designs creative software and design workflow tools for agencies.,"As a Software Engineering Co-op at Lumina Interactive, you will work with engineers and mentors on real production projects. You will help build and test features using CI/CD, HTML, and Kotlin. Responsibilities include writing clean code, reviewing pull requests, documenting your work, and presenting progress to the team. You will collaborate across product and design to ship improvements used by customers. Ideal for students who enjoy problem solving and learning quickly.",4,"CI/CD, HTML, Kotlin, Selenium, SQL, AWS",Cybersecurity; Computer Science; Information Technology,500 W 2nd St Austin TX 78701,$28.00/hr,40,3.2,US Citizen or PR
910131,Cloud Engineer Intern,Beacon Commerce Solutions,Boston MA,Internship,6 Months,Inactive,Beacon Commerce Solutions Powers e-commerce platforms and payment APIs for retail brands.,"As a Cloud Engineer Intern at Beacon Commerce Solutions, you will work with engineers and mentors on real production projects. You will help build and test features using Python, Java, and Swift. Responsibilities include writing clean code, reviewing pull requests, documenting your work, and presenting progress to the team. You will collaborate across product and design to ship improvements used by customers. Ideal for students who enjoy problem solving and learning quickly.",1,"Python, Java, Swift, Node.js, REST APIs, Machine Learning",Data Science; Business Analytics; Statistics; Information Systems,100 Federal St Boston MA 02110,$28.00/hr,35,3.4,US Citizen or PR
910132,Site Reliability Engineering Intern,Ironclad Security Systems,Atlanta GA,Undergraduate Co-op,3 Months,Active,"Ironclad Security Systems Offers threat detection, endpoint monitoring, and zero-trust tooling.","As a Site Reliability Engineering Intern at Ironclad Security Systems, you will work with engineers and mentors on real production projects. You will help build and test features using Linux, React, and Machine Learning. Responsibilities include writing clean code, reviewing pull requests, documenting your work, and presenting progress to the team. You will collaborate across product and design to ship improvements used by customers. Ideal for students who enjoy problem solving and learning quickly.",1,"Linux, React, Machine Learning, Swift, REST APIs, PostgreSQL",Bioinformatics; Biomedical Engineering; Data Science,1180 Peachtree St NE Atlanta GA 30309,$28.00/hr,40,3.4,None
910133,DevOps Engineering Co-op,Vanguard Analytics Lab,McLean VA,Co-op,3 Months,Active,Vanguard Analytics Lab Provides predictive modeling and business intelligence for logistics teams.,"As a DevOps Engineering Co-op at Vanguard Analytics Lab, you will work with engineers and mentors on real production projects. You will help build and test features using CSS, PyTorch, and Selenium. Responsibilities include writing clean code, reviewing pull requests, documenting your work, and presenting progress to the team. You will collaborate across product and design to ship improvements used by customers. Ideal for students who enjoy problem solving and learning quickly.",1,"CSS, PyTorch, Selenium, Kubernetes, HTML, Java",Human-Computer Interaction; UX Design; Graphic Design,1650 Tysons Blvd McLean VA 22102,$31.00/hr,20,3.2,No Restriction
910134,Database Intern,Lumina Interactive,Seattle WA,Internship,3 Months,Inactive,Lumina Interactive Designs creative software and design workflow tools for agencies.,"As a Database Intern at Lumina Interactive, you will work with engineers and mentors on real production projects. You will help build and test features using REST APIs, AWS, and Linux. Responsibilities include writing clean code, reviewing pull requests, documenting your work, and presenting progress to the team. You will collaborate across product and design to ship improvements used by customers. Ideal for students who enjoy problem solving and learning quickly.",2,"REST APIs, AWS, Linux, TypeScript, Kotlin, HTML",Cybersecurity; Computer Science; Information Technology,1201 3rd Ave Seattle WA 98101,$31.00/hr,40,3.3,US Citizen or PR
910135,Data Analytics Intern,Vanguard Analytics Lab,Cambridge MA,Co-op,Fall (Sept - Dec),Active,Vanguard Analytics Lab Provides predictive modeling and business intelligence for logistics teams.,"As a Data Analytics Intern at Vanguard Analytics Lab, you will work with engineers and mentors on real production projects. You will help build and test features using PostgreSQL, JavaScript, and Agile. Responsibilities include writing clean code, reviewing pull requests, documenting your work, and presenting progress to the team. You will collaborate across product and design to ship improvements used by customers. Ideal for students who enjoy problem solving and learning quickly.",1,"PostgreSQL, JavaScript, Agile, REST APIs, Django, Machine Learning",Cloud Computing; Computer Science; Software Engineering,1 Kendall Sq Cambridge MA 02139,$28.00/hr,35,- None -,US Citizen or PR
910136,Full Stack Web Developer Co-op,NetLink Telecom,Dallas TX,Undergraduate Co-op,Fall (Sept - Dec),Active,NetLink Telecom Fiber and enterprise networking infrastructure operator.,"As a Full Stack Web Developer Co-op at NetLink Telecom, you will work with engineers and mentors on real production projects. You will help build and test features using REST APIs, Django, and Git. Responsibilities include writing clean code, reviewing pull requests, documenting your work, and presenting progress to the team. You will collaborate across product and design to ship improvements used by customers. Ideal for students who enjoy problem solving and learning quickly.",4,"REST APIs, Django, Git, PostgreSQL, Java, React",Cybersecurity; Computer Science; Information Technology,2100 Ross Ave Dallas TX 75201,$28.00/hr,35,3.3,US Citizen or PR
910137,Software Engineering Intern,Nexus Digital Products,Chicago IL,Co-op,Summer (June - Sept),Inactive,Nexus Digital Products Creates ERP modules and workflow software for healthcare providers.,"As a Software Engineering Intern at Nexus Digital Products, you will work with engineers and mentors on real production projects. You will help build and test features using CI/CD, Docker, and Git. Responsibilities include writing clean code, reviewing pull requests, documenting your work, and presenting progress to the team. You will collaborate across product and design to ship improvements used by customers. Ideal for students who enjoy problem solving and learning quickly.",4,"CI/CD, Docker, Git, React, AWS, HTML",Data Science; Business Analytics; Statistics; Information Systems,150 N Riverside Plaza Chicago IL 60606,$27.50/hr,20,3.0,US Citizen or PR
910138,Database Intern,QuantEdge Capital,San Diego CA,Internship,3 Months,Active,QuantEdge Capital Algorithmic trading tools and portfolio risk engines.,"As a Database Intern at QuantEdge Capital, you will work with engineers and mentors on real production projects. You will help build and test features using Docker, TypeScript, and AWS. Responsibilities include writing clean code, reviewing pull requests, documenting your work, and presenting progress to the team. You will collaborate across product and design to ship improvements used by customers. Ideal for students who enjoy problem solving and learning quickly.",1,"Docker, TypeScript, AWS, SQL, REST APIs, Pandas",Robotics Engineering; Computer Science; Computer Engineering,600 B St San Diego CA 92101,$28.00/hr,35,3.1,None
910139,Data Science Co-op,AppWorks Studio,Dallas TX,Internship,6 Months,Active,"AppWorks Studio Builds consumer mobile apps for fitness, wellness, and events.","As a Data Science Co-op at AppWorks Studio, you will work with engineers and mentors on real production projects. You will help build and test features using Python, Machine Learning, and CSS. Responsibilities include writing clean code, reviewing pull requests, documenting your work, and presenting progress to the team. You will collaborate across product and design to ship improvements used by customers. Ideal for students who enjoy problem solving and learning quickly.",2,"Python, Machine Learning, CSS, Git, Selenium, Django",Computer Engineering; Electrical Engineering; Embedded Systems,2100 Ross Ave Dallas TX 75201,$29.00/hr,40,3.3,US Citizen or PR
910140,React Developer Co-op,TrueCheck Software,New York NY,Undergraduate Co-op,6 Months,Active,TrueCheck Software Delivers automated testing frameworks and CI quality tools.,"As a React Developer Co-op at TrueCheck Software, you will work with engineers and mentors on real production projects. You will help build and test features using Django, React, and CSS. Responsibilities include writing clean code, reviewing pull requests, documenting your work, and presenting progress to the team. You will collaborate across product and design to ship improvements used by customers. Ideal for students who enjoy problem solving and learning quickly.",4,"Django, React, CSS, PostgreSQL, Swift, SQL",Bioinformatics; Biomedical Engineering; Data Science,100 Wall St New York NY 10005,$27.50/hr,40,3.1,US Citizen or PR
910141,QA Automation Intern,SkyGuard Cyber,Austin TX,Undergraduate Co-op,Summer (June - Sept),Active,SkyGuard Cyber Cloud security posture management and compliance scanning.,"As a QA Automation Intern at SkyGuard Cyber, you will work with engineers and mentors on real production projects. You will help build and test features using Python, JavaScript, and PyTorch. Responsibilities include writing clean code, reviewing pull requests, documenting your work, and presenting progress to the team. You will collaborate across product and design to ship improvements used by customers. Ideal for students who enjoy problem solving and learning quickly.",3,"Python, JavaScript, PyTorch, CSS, Pandas, Java",Cloud Computing; Computer Science; Software Engineering,500 W 2nd St Austin TX 78701,$26.00/hr,40,3.3,No Restriction
910142,Site Reliability Engineering Intern,Nexus Digital Products,Chicago IL,Undergraduate Co-op,Summer (June - Sept),Active,Nexus Digital Products Creates ERP modules and workflow software for healthcare providers.,"As a Site Reliability Engineering Intern at Nexus Digital Products, you will work with engineers and mentors on real production projects. You will help build and test features using PostgreSQL, React, and CI/CD. Responsibilities include writing clean code, reviewing pull requests, documenting your work, and presenting progress to the team. You will collaborate across product and design to ship improvements used by customers. Ideal for students who enjoy problem solving and learning quickly.",3,"PostgreSQL, React, CI/CD, REST APIs, Java, Swift",Cloud Computing; Computer Science; Software Engineering,150 N Riverside Plaza Chicago IL 60606,$30.00/hr,40,3.0,US Citizen Only
910143,Mobile App Developer Co-op,Strata Infrastructure,McLean VA,Undergraduate Co-op,Fall (Sept - Dec),Inactive,"Strata Infrastructure Manages multi-cloud hosting, IaC, and compliance for finance clients.","As a Mobile App Developer Co-op at Strata Infrastructure, you will work with engineers and mentors on real production projects. You will help build and test features using PyTorch, Linux, and CI/CD. Responsibilities include writing clean code, reviewing pull requests, documenting your work, and presenting progress to the team. You will collaborate across product and design to ship improvements used by customers. Ideal for students who enjoy problem solving and learning quickly.",1,"PyTorch, Linux, CI/CD, Java, Docker, TypeScript",Cybersecurity; Computer Science; Information Technology,1650 Tysons Blvd McLean VA 22102,$26.00/hr,40,3.0,US Citizen or PR
910144,Data Analytics Intern,Harbor Analytics,New York NY,Co-op,3 Months,Active,Harbor Analytics Helps hospitals understand patient and operations data.,"As a Data Analytics Intern at Harbor Analytics, you will work with engineers and mentors on real production projects. You will help build and test features using TypeScript, Docker, and AWS. Responsibilities include writing clean code, reviewing pull requests, documenting your work, and presenting progress to the team. You will collaborate across product and design to ship improvements used by customers. Ideal for students who enjoy problem solving and learning quickly.",1,"TypeScript, Docker, AWS, Node.js, Python, Terraform",Cloud Computing; Computer Science; Software Engineering,100 Wall St New York NY 10005,$30.00/hr,40,2.8,No Restriction
910145,Cybersecurity Co-op,Lumina Interactive,San Diego CA,Internship,Fall (Sept - Dec),Active,Lumina Interactive Designs creative software and design workflow tools for agencies.,"As a Cybersecurity Co-op at Lumina Interactive, you will work with engineers and mentors on real production projects. You will help build and test features using TypeScript, PyTorch, and React. Responsibilities include writing clean code, reviewing pull requests, documenting your work, and presenting progress to the team. You will collaborate across product and design to ship improvements used by customers. Ideal for students who enjoy problem solving and learning quickly.",1,"TypeScript, PyTorch, React, Java, AWS, Kotlin",Data Science; Business Analytics; Statistics; Information Systems,600 B St San Diego CA 92101,$26.00/hr,35,3.1,US Citizen or PR
910146,Data Science Co-op,Strata Infrastructure,Dallas TX,Undergraduate Co-op,Fall (Sept - Dec),Inactive,"Strata Infrastructure Manages multi-cloud hosting, IaC, and compliance for finance clients.","As a Data Science Co-op at Strata Infrastructure, you will work with engineers and mentors on real production projects. You will help build and test features using CI/CD, Machine Learning, and Selenium. Responsibilities include writing clean code, reviewing pull requests, documenting your work, and presenting progress to the team. You will collaborate across product and design to ship improvements used by customers. Ideal for students who enjoy problem solving and learning quickly.",1,"CI/CD, Machine Learning, Selenium, Linux, React, Python",Robotics Engineering; Computer Science; Computer Engineering,2100 Ross Ave Dallas TX 75201,$26.00/hr,35,3.2,No Restriction
910147,Mobile App Developer Co-op,Strata Infrastructure,Raleigh NC,Internship,3 Months,Active,"Strata Infrastructure Manages multi-cloud hosting, IaC, and compliance for finance clients.","As a Mobile App Developer Co-op at Strata Infrastructure, you will work with engineers and mentors on real production projects. You will help build and test features using Pandas, CI/CD, and Git. Responsibilities include writing clean code, reviewing pull requests, documenting your work, and presenting progress to the team. You will collaborate across product and design to ship improvements used by customers. Ideal for students who enjoy problem solving and learning quickly.",2,"Pandas, CI/CD, Git, Linux, Node.js, Java",Robotics Engineering; Computer Science; Computer Engineering,421 Fayetteville St Raleigh NC 27601,$31.00/hr,20,3.0,US Citizen Only
910148,Python Developer Co-op,Lumina Interactive,New York NY,Co-op,3 Months,Inactive,Lumina Interactive Designs creative software and design workflow tools for agencies.,"As a Python Developer Co-op at Lumina Interactive, you will work with engineers and mentors on real production projects. You will help build and test features using JavaScript, Git, and Pandas. Responsibilities include writing clean code, reviewing pull requests, documenting your work, and presenting progress to the team. You will collaborate across product and design to ship improvements used by customers. Ideal for students who enjoy problem solving and learning quickly.",4,"JavaScript, Git, Pandas, SQL, CSS, Python",Cloud Computing; Computer Science; Software Engineering,100 Wall St New York NY 10005,$31.00/hr,40,- None -,None
910149,IT Support Co-op,Vanguard Analytics Lab,Pittsburgh PA,Co-op,6 Months,Active,Vanguard Analytics Lab Provides predictive modeling and business intelligence for logistics teams.,"As a IT Support Co-op at Vanguard Analytics Lab, you will work with engineers and mentors on real production projects. You will help build and test features using AWS, Terraform, and Agile. Responsibilities include writing clean code, reviewing pull requests, documenting your work, and presenting progress to the team. You will collaborate across product and design to ship improvements used by customers. Ideal for students who enjoy problem solving and learning quickly.",1,"AWS, Terraform, Agile, Kotlin, Kubernetes, Node.js",Computer Science; Software Engineering; Computer Engineering,300 Technology Dr Pittsburgh PA 15219,$29.00/hr,40,3.0,US Citizen Only
910150,QA Automation Intern,Lumina Interactive,Seattle WA,Internship,6 Months,Inactive,Lumina Interactive Designs creative software and design workflow tools for agencies.,"As a QA Automation Intern at Lumina Interactive, you will work with engineers and mentors on real production projects. You will help build and test features using Kubernetes, React, and TypeScript. Responsibilities include writing clean code, reviewing pull requests, documenting your work, and presenting progress to the team. You will collaborate across product and design to ship improvements used by customers. Ideal for students who enjoy problem solving and learning quickly.",2,"Kubernetes, React, TypeScript, Java, Agile, CSS",Cloud Computing; Computer Science; Software Engineering,1201 3rd Ave Seattle WA 98101,$26.00/hr,20,3.1,US Citizen Only
910151,React Developer Co-op,PixelCraft Labs,Chicago IL,Internship,3 Months,Inactive,PixelCraft Labs Collaborative web tools for designers and publishing teams.,"As a React Developer Co-op at PixelCraft Labs, you will work with engineers and mentors on real production projects. You will help build and test features using AWS, PostgreSQL, and Selenium. Responsibilities include writing clean code, reviewing pull requests, documenting your work, and presenting progress to the team. You will collaborate across product and design to ship improvements used by customers. Ideal for students who enjoy problem solving and learning quickly.",2,"AWS, PostgreSQL, Selenium, JavaScript, Node.js, Docker",Computer Engineering; Electrical Engineering; Embedded Systems,150 N Riverside Plaza Chicago IL 60606,$29.00/hr,20,3.2,No Restriction
910152,QA Automation Intern,NetLink Telecom,Philadelphia PA,Internship,Fall (Sept - Dec),Active,NetLink Telecom Fiber and enterprise networking infrastructure operator.,"As a QA Automation Intern at NetLink Telecom, you will work with engineers and mentors on real production projects. You will help build and test features using PostgreSQL, Git, and Kotlin. Responsibilities include writing clean code, reviewing pull requests, documenting your work, and presenting progress to the team. You will collaborate across product and design to ship improvements used by customers. Ideal for students who enjoy problem solving and learning quickly.",3,"PostgreSQL, Git, Kotlin, SQL, CSS, Node.js",Cybersecurity; Computer Science; Information Technology,1500 Market St Philadelphia PA 19102,$33.00/hr,40,3.2,US Citizen Only
910153,DevOps Engineering Co-op,NetLink Telecom,Chicago IL,Co-op,Summer (June - Sept),Inactive,NetLink Telecom Fiber and enterprise networking infrastructure operator.,"As a DevOps Engineering Co-op at NetLink Telecom, you will work with engineers and mentors on real production projects. You will help build and test features using SQL, Docker, and Java. Responsibilities include writing clean code, reviewing pull requests, documenting your work, and presenting progress to the team. You will collaborate across product and design to ship improvements used by customers. Ideal for students who enjoy problem solving and learning quickly.",1,"SQL, Docker, Java, Python, React, Node.js",Robotics Engineering; Computer Science; Computer Engineering,150 N Riverside Plaza Chicago IL 60606,$33.00/hr,35,3.2,None
910154,Frontend Developer Co-op,Aether Interactive,Dallas TX,Co-op,3 Months,Active,Aether Interactive Independent studio building multiplayer action games.,"As a Frontend Developer Co-op at Aether Interactive, you will work with engineers and mentors on real production projects. You will help build and test features using Selenium, Django, and Pandas. Responsibilities include writing clean code, reviewing pull requests, documenting your work, and presenting progress to the team. You will collaborate across product and design to ship improvements used by customers. Ideal for students who enjoy problem solving and learning quickly.",1,"Selenium, Django, Pandas, Git, Terraform, REST APIs",Cloud Computing; Computer Science; Software Engineering,2100 Ross Ave Dallas TX 75201,$28.00/hr,20,2.8,US Citizen or PR
910155,Full Stack Web Developer Co-op,PixelCraft Labs,Philadelphia PA,Internship,3 Months,Inactive,PixelCraft Labs Collaborative web tools for designers and publishing teams.,"As a Full Stack Web Developer Co-op at PixelCraft Labs, you will work with engineers and mentors on real production projects. You will help build and test features using Pandas, Swift, and Node.js. Responsibilities include writing clean code, reviewing pull requests, documenting your work, and presenting progress to the team. You will collaborate across product and design to ship improvements used by customers. Ideal for students who enjoy problem solving and learning quickly.",3,"Pandas, Swift, Node.js, CI/CD, TypeScript, HTML",Data Science; Business Analytics; Statistics; Information Systems,1500 Market St Philadelphia PA 19102,$29.00/hr,35,2.8,No Restriction
910156,Business Analyst Co-op,AppWorks Studio,Seattle WA,Internship,Summer (June - Sept),Active,"AppWorks Studio Builds consumer mobile apps for fitness, wellness, and events.","As a Business Analyst Co-op at AppWorks Studio, you will work with engineers and mentors on real production projects. You will help build and test features using Docker, REST APIs, and Linux. Responsibilities include writing clean code, reviewing pull requests, documenting your work, and presenting progress to the team. You will collaborate across product and design to ship improvements used by customers. Ideal for students who enjoy problem solving and learning quickly.",4,"Docker, REST APIs, Linux, CSS, Node.js, Agile",Robotics Engineering; Computer Science; Computer Engineering,1201 3rd Ave Seattle WA 98101,$29.00/hr,35,3.1,US Citizen Only
910157,Product Management Intern,Nexus Digital Products,Pittsburgh PA,Undergraduate Co-op,3 Months,Active,Nexus Digital Products Creates ERP modules and workflow software for healthcare providers.,"As a Product Management Intern at Nexus Digital Products, you will work with engineers and mentors on real production projects. You will help build and test features using Linux, CI/CD, and PostgreSQL. Responsibilities include writing clean code, reviewing pull requests, documenting your work, and presenting progress to the team. You will collaborate across product and design to ship improvements used by customers. Ideal for students who enjoy problem solving and learning quickly.",2,"Linux, CI/CD, PostgreSQL, JavaScript, Git, Terraform",Robotics Engineering; Computer Science; Computer Engineering,300 Technology Dr Pittsburgh PA 15219,$26.00/hr,40,3.0,US Citizen Only
910158,Database Intern,SkyGuard Cyber,Chicago IL,Undergraduate Co-op,Fall (Sept - Dec),Inactive,SkyGuard Cyber Cloud security posture management and compliance scanning.,"As a Database Intern at SkyGuard Cyber, you will work with engineers and mentors on real production projects. You will help build and test features using Node.js, Swift, and Docker. Responsibilities include writing clean code, reviewing pull requests, documenting your work, and presenting progress to the team. You will collaborate across product and design to ship improvements used by customers. Ideal for students who enjoy problem solving and learning quickly.",4,"Node.js, Swift, Docker, Kotlin, Agile, Pandas",Computer Engineering; Electrical Engineering; Embedded Systems,150 N Riverside Plaza Chicago IL 60606,$26.00/hr,20,2.8,US Citizen Only
910159,Software Engineering Intern,BioGenix Analytics,Dallas TX,Undergraduate Co-op,Fall (Sept - Dec),Active,BioGenix Analytics ML and stats tooling for genomic and clinical research.,"As a Software Engineering Intern at BioGenix Analytics, you will work with engineers and mentors on real production projects. You will help build and test features using JavaScript, CSS, and PostgreSQL. Responsibilities include writing clean code, reviewing pull requests, documenting your work, and presenting progress to the team. You will collaborate across product and design to ship improvements used by customers. Ideal for students who enjoy problem solving and learning quickly.",2,"JavaScript, CSS, PostgreSQL, TypeScript, Pandas, REST APIs",Robotics Engineering; Computer Science; Computer Engineering,2100 Ross Ave Dallas TX 75201,$29.00/hr,35,3.3,US Citizen Only
910160,Business Analyst Co-op,Aether Interactive,San Diego CA,Internship,3 Months,Active,Aether Interactive Independent studio building multiplayer action games.,"As a Business Analyst Co-op at Aether Interactive, you will work with engineers and mentors on real production projects. You will help build and test features using JavaScript, React, and REST APIs. Responsibilities include writing clean code, reviewing pull requests, documenting your work, and presenting progress to the team. You will collaborate across product and design to ship improvements used by customers. Ideal for students who enjoy problem solving and learning quickly.",3,"JavaScript, React, REST APIs, Git, Selenium, Kotlin",Computer Engineering; Electrical Engineering; Embedded Systems,600 B St San Diego CA 92101,$33.00/hr,20,3.3,US Citizen or PR
910161,QA Automation Intern,Aether Interactive,San Diego CA,Co-op,6 Months,Active,Aether Interactive Independent studio building multiplayer action games.,"As a QA Automation Intern at Aether Interactive, you will work with engineers and mentors on real production projects. You will help build and test features using CSS, SQL, and Kotlin. Responsibilities include writing clean code, reviewing pull requests, documenting your work, and presenting progress to the team. You will collaborate across product and design to ship improvements used by customers. Ideal for students who enjoy problem solving and learning quickly.",1,"CSS, SQL, Kotlin, Swift, Pandas, React",Robotics Engineering; Computer Science; Computer Engineering,600 B St San Diego CA 92101,$26.00/hr,40,3.2,None
910162,Cloud Engineer Intern,AppWorks Studio,San Diego CA,Co-op,Fall (Sept - Dec),Active,"AppWorks Studio Builds consumer mobile apps for fitness, wellness, and events.","As a Cloud Engineer Intern at AppWorks Studio, you will work with engineers and mentors on real production projects. You will help build and test features using TypeScript, CI/CD, and Python. Responsibilities include writing clean code, reviewing pull requests, documenting your work, and presenting progress to the team. You will collaborate across product and design to ship improvements used by customers. Ideal for students who enjoy problem solving and learning quickly.",2,"TypeScript, CI/CD, Python, Terraform, Selenium, SQL",Human-Computer Interaction; UX Design; Graphic Design,600 B St San Diego CA 92101,$29.00/hr,20,3.0,US Citizen or PR
910163,Python Developer Co-op,Beacon Commerce Solutions,McLean VA,Undergraduate Co-op,Fall (Sept - Dec),Inactive,Beacon Commerce Solutions Powers e-commerce platforms and payment APIs for retail brands.,"As a Python Developer Co-op at Beacon Commerce Solutions, you will work with engineers and mentors on real production projects. You will help build and test features using CSS, TypeScript, and Python. Responsibilities include writing clean code, reviewing pull requests, documenting your work, and presenting progress to the team. You will collaborate across product and design to ship improvements used by customers. Ideal for students who enjoy problem solving and learning quickly.",4,"CSS, TypeScript, Python, Swift, JavaScript, React",Computer Science; Software Engineering; Computer Engineering,1650 Tysons Blvd McLean VA 22102,$31.00/hr,40,2.8,US Citizen Only
910164,Network Engineer Intern,Nexus Digital Products,Austin TX,Co-op,6 Months,Active,Nexus Digital Products Creates ERP modules and workflow software for healthcare providers.,"As a Network Engineer Intern at Nexus Digital Products, you will work with engineers and mentors on real production projects. You will help build and test features using REST APIs, AWS, and React. Responsibilities include writing clean code, reviewing pull requests, documenting your work, and presenting progress to the team. You will collaborate across product and design to ship improvements used by customers. Ideal for students who enjoy problem solving and learning quickly.",2,"REST APIs, AWS, React, Java, Swift, Kubernetes",Cloud Computing; Computer Science; Software Engineering,500 W 2nd St Austin TX 78701,$30.00/hr,35,3.0,None
910165,Cloud Engineer Intern,Strata Infrastructure,Pittsburgh PA,Co-op,3 Months,Active,"Strata Infrastructure Manages multi-cloud hosting, IaC, and compliance for finance clients.","As a Cloud Engineer Intern at Strata Infrastructure, you will work with engineers and mentors on real production projects. You will help build and test features using Swift, Java, and Machine Learning. Responsibilities include writing clean code, reviewing pull requests, documenting your work, and presenting progress to the team. You will collaborate across product and design to ship improvements used by customers. Ideal for students who enjoy problem solving and learning quickly.",2,"Swift, Java, Machine Learning, Kotlin, Agile, PostgreSQL",Cybersecurity; Computer Science; Information Technology,300 Technology Dr Pittsburgh PA 15219,$28.00/hr,40,- None -,No Restriction
910166,Product Management Intern,AppWorks Studio,Pittsburgh PA,Undergraduate Co-op,3 Months,Inactive,"AppWorks Studio Builds consumer mobile apps for fitness, wellness, and events.","As a Product Management Intern at AppWorks Studio, you will work with engineers and mentors on real production projects. You will help build and test features using AWS, HTML, and JavaScript. Responsibilities include writing clean code, reviewing pull requests, documenting your work, and presenting progress to the team. You will collaborate across product and design to ship improvements used by customers. Ideal for students who enjoy problem solving and learning quickly.",3,"AWS, HTML, JavaScript, PostgreSQL, Terraform, Linux",Robotics Engineering; Computer Science; Computer Engineering,300 Technology Dr Pittsburgh PA 15219,$31.00/hr,35,3.0,US Citizen or PR
910167,Data Analytics Intern,Ironclad Security Systems,New York NY,Undergraduate Co-op,Summer (June - Sept),Active,"Ironclad Security Systems Offers threat detection, endpoint monitoring, and zero-trust tooling.","As a Data Analytics Intern at Ironclad Security Systems, you will work with engineers and mentors on real production projects. You will help build and test features using REST APIs, Linux, and React. Responsibilities include writing clean code, reviewing pull requests, documenting your work, and presenting progress to the team. You will collaborate across product and design to ship improvements used by customers. Ideal for students who enjoy problem solving and learning quickly.",3,"REST APIs, Linux, React, Python, Docker, Swift",Robotics Engineering; Computer Science; Computer Engineering,100 Wall St New York NY 10005,$28.00/hr,35,2.8,None
910168,Product Management Intern,Lumina Interactive,San Diego CA,Internship,Summer (June - Sept),Active,Lumina Interactive Designs creative software and design workflow tools for agencies.,"As a Product Management Intern at Lumina Interactive, you will work with engineers and mentors on real production projects. You will help build and test features using REST APIs, Node.js, and PostgreSQL. Responsibilities include writing clean code, reviewing pull requests, documenting your work, and presenting progress to the team. You will collaborate across product and design to ship improvements used by customers. Ideal for students who enjoy problem solving and learning quickly.",4,"REST APIs, Node.js, PostgreSQL, Linux, SQL, Machine Learning",Computer Science; Software Engineering; Computer Engineering,600 B St San Diego CA 92101,$28.00/hr,20,3.0,US Citizen Only
910169,Frontend Developer Co-op,Nexus Digital Products,Raleigh NC,Undergraduate Co-op,Fall (Sept - Dec),Inactive,Nexus Digital Products Creates ERP modules and workflow software for healthcare providers.,"As a Frontend Developer Co-op at Nexus Digital Products, you will work with engineers and mentors on real production projects. You will help build and test features using Django, JavaScript, and SQL. Responsibilities include writing clean code, reviewing pull requests, documenting your work, and presenting progress to the team. You will collaborate across product and design to ship improvements used by customers. Ideal for students who enjoy problem solving and learning quickly.",2,"Django, JavaScript, SQL, AWS, Node.js, Kotlin",Cybersecurity; Computer Science; Information Technology,421 Fayetteville St Raleigh NC 27601,$28.00/hr,35,3.1,No Restriction
910170,IT Support Co-op,Shield Network Corp,Pittsburgh PA,Internship,3 Months,Active,Shield Network Corp Identity governance and encryption compliance for regulated industries.,"As a IT Support Co-op at Shield Network Corp, you will work with engineers and mentors on real production projects. You will help build and test features using SQL, Docker, and HTML. Responsibilities include writing clean code, reviewing pull requests, documenting your work, and presenting progress to the team. You will collaborate across product and design to ship improvements used by customers. Ideal for students who enjoy problem solving and learning quickly.",4,"SQL, Docker, HTML, CSS, Kotlin, PostgreSQL",Computer Engineering; Electrical Engineering; Embedded Systems,300 Technology Dr Pittsburgh PA 15219,$30.00/hr,40,3.3,US Citizen or PR
910171,Bioinformatics Co-op,Nexus Digital Products,Boston MA,Co-op,3 Months,Active,Nexus Digital Products Creates ERP modules and workflow software for healthcare providers.,"As a Bioinformatics Co-op at Nexus Digital Products, you will work with engineers and mentors on real production projects. You will help build and test features using Terraform, CSS, and JavaScript. Responsibilities include writing clean code, reviewing pull requests, documenting your work, and presenting progress to the team. You will collaborate across product and design to ship improvements used by customers. Ideal for students who enjoy problem solving and learning quickly.",1,"Terraform, CSS, JavaScript, Node.js, AWS, Linux",Robotics Engineering; Computer Science; Computer Engineering,100 Federal St Boston MA 02110,$31.00/hr,40,2.8,US Citizen or PR
910172,Mobile App Developer Co-op,Strata Infrastructure,Austin TX,Internship,3 Months,Active,"Strata Infrastructure Manages multi-cloud hosting, IaC, and compliance for finance clients.","As a Mobile App Developer Co-op at Strata Infrastructure, you will work with engineers and mentors on real production projects. You will help build and test features using Terraform, TypeScript, and JavaScript. Responsibilities include writing clean code, reviewing pull requests, documenting your work, and presenting progress to the team. You will collaborate across product and design to ship improvements used by customers. Ideal for students who enjoy problem solving and learning quickly.",3,"Terraform, TypeScript, JavaScript, Node.js, REST APIs, CSS",Data Science; Business Analytics; Statistics; Information Systems,500 W 2nd St Austin TX 78701,$27.50/hr,35,3.1,No Restriction
910173,Cybersecurity Co-op,AppWorks Studio,San Jose CA,Co-op,6 Months,Active,"AppWorks Studio Builds consumer mobile apps for fitness, wellness, and events.","As a Cybersecurity Co-op at AppWorks Studio, you will work with engineers and mentors on real production projects. You will help build and test features using Machine Learning, Swift, and Kubernetes. Responsibilities include writing clean code, reviewing pull requests, documenting your work, and presenting progress to the team. You will collaborate across product and design to ship improvements used by customers. Ideal for students who enjoy problem solving and learning quickly.",3,"Machine Learning, Swift, Kubernetes, Selenium, Django, AWS",Robotics Engineering; Computer Science; Computer Engineering,200 S Mathilda Ave San Jose CA 95110,$26.00/hr,20,2.8,No Restriction
910174,Cloud Engineer Intern,Strata Infrastructure,Seattle WA,Undergraduate Co-op,3 Months,Active,"Strata Infrastructure Manages multi-cloud hosting, IaC, and compliance for finance clients.","As a Cloud Engineer Intern at Strata Infrastructure, you will work with engineers and mentors on real production projects. You will help build and test features using Kubernetes, TypeScript, and React. Responsibilities include writing clean code, reviewing pull requests, documenting your work, and presenting progress to the team. You will collaborate across product and design to ship improvements used by customers. Ideal for students who enjoy problem solving and learning quickly.",4,"Kubernetes, TypeScript, React, Docker, Swift, AWS",Computer Science; Software Engineering; Computer Engineering,1201 3rd Ave Seattle WA 98101,$30.00/hr,40,3.3,US Citizen or PR
910175,Data Science Co-op,AppWorks Studio,San Jose CA,Co-op,3 Months,Inactive,"AppWorks Studio Builds consumer mobile apps for fitness, wellness, and events.","As a Data Science Co-op at AppWorks Studio, you will work with engineers and mentors on real production projects. You will help build and test features using Selenium, Java, and Node.js. Responsibilities include writing clean code, reviewing pull requests, documenting your work, and presenting progress to the team. You will collaborate across product and design to ship improvements used by customers. Ideal for students who enjoy problem solving and learning quickly.",3,"Selenium, Java, Node.js, Docker, Kubernetes, Terraform",Robotics Engineering; Computer Science; Computer Engineering,200 S Mathilda Ave San Jose CA 95110,$31.00/hr,20,3.4,US Citizen Only
910176,Full Stack Web Developer Co-op,Apex Cloud Solutions,San Diego CA,Undergraduate Co-op,6 Months,Active,Apex Cloud Solutions Builds cloud-native developer tools and microservices platforms for mid-market companies.,"As a Full Stack Web Developer Co-op at Apex Cloud Solutions, you will work with engineers and mentors on real production projects. You will help build and test features using Swift, Kotlin, and Kubernetes. Responsibilities include writing clean code, reviewing pull requests, documenting your work, and presenting progress to the team. You will collaborate across product and design to ship improvements used by customers. Ideal for students who enjoy problem solving and learning quickly.",1,"Swift, Kotlin, Kubernetes, Docker, Java, CI/CD",Computer Science; Software Engineering; Computer Engineering,600 B St San Diego CA 92101,$33.00/hr,35,3.1,US Citizen Only
910177,Product Management Intern,Ironclad Security Systems,Raleigh NC,Undergraduate Co-op,6 Months,Active,"Ironclad Security Systems Offers threat detection, endpoint monitoring, and zero-trust tooling.","As a Product Management Intern at Ironclad Security Systems, you will work with engineers and mentors on real production projects. You will help build and test features using Selenium, Linux, and Kotlin. Responsibilities include writing clean code, reviewing pull requests, documenting your work, and presenting progress to the team. You will collaborate across product and design to ship improvements used by customers. Ideal for students who enjoy problem solving and learning quickly.",4,"Selenium, Linux, Kotlin, Agile, PostgreSQL, AWS",Cloud Computing; Computer Science; Software Engineering,421 Fayetteville St Raleigh NC 27601,$28.00/hr,20,3.4,No Restriction
910178,Software Engineering Co-op,Aether Interactive,Dallas TX,Internship,3 Months,Active,Aether Interactive Independent studio building multiplayer action games.,"As a Software Engineering Co-op at Aether Interactive, you will work with engineers and mentors on real production projects. You will help build and test features using PyTorch, SQL, and Pandas. Responsibilities include writing clean code, reviewing pull requests, documenting your work, and presenting progress to the team. You will collaborate across product and design to ship improvements used by customers. Ideal for students who enjoy problem solving and learning quickly.",3,"PyTorch, SQL, Pandas, Terraform, CSS, Django",Cybersecurity; Computer Science; Information Technology,2100 Ross Ave Dallas TX 75201,$30.00/hr,40,- None -,US Citizen or PR
910179,DevOps Engineering Co-op,QuantEdge Capital,Austin TX,Co-op,Summer (June - Sept),Active,QuantEdge Capital Algorithmic trading tools and portfolio risk engines.,"As a DevOps Engineering Co-op at QuantEdge Capital, you will work with engineers and mentors on real production projects. You will help build and test features using Java, React, and REST APIs. Responsibilities include writing clean code, reviewing pull requests, documenting your work, and presenting progress to the team. You will collaborate across product and design to ship improvements used by customers. Ideal for students who enjoy problem solving and learning quickly.",2,"Java, React, REST APIs, Selenium, Pandas, JavaScript",Cloud Computing; Computer Science; Software Engineering,500 W 2nd St Austin TX 78701,$31.00/hr,35,3.1,US Citizen or PR
910180,Python Developer Co-op,Apex Cloud Solutions,Raleigh NC,Undergraduate Co-op,3 Months,Active,Apex Cloud Solutions Builds cloud-native developer tools and microservices platforms for mid-market companies.,"As a Python Developer Co-op at Apex Cloud Solutions, you will work with engineers and mentors on real production projects. You will help build and test features using Machine Learning, Django, and Kubernetes. Responsibilities include writing clean code, reviewing pull requests, documenting your work, and presenting progress to the team. You will collaborate across product and design to ship improvements used by customers. Ideal for students who enjoy problem solving and learning quickly.",3,"Machine Learning, Django, Kubernetes, REST APIs, Docker, Swift",Data Science; Business Analytics; Statistics; Information Systems,421 Fayetteville St Raleigh NC 27601,$30.00/hr,35,- None -,US Citizen or PR
910181,AI Research Intern,Nexus Digital Products,Denver CO,Internship,Fall (Sept - Dec),Active,Nexus Digital Products Creates ERP modules and workflow software for healthcare providers.,"As a AI Research Intern at Nexus Digital Products, you will work with engineers and mentors on real production projects. You will help build and test features using Swift, Linux, and SQL. Responsibilities include writing clean code, reviewing pull requests, documenting your work, and presenting progress to the team. You will collaborate across product and design to ship improvements used by customers. Ideal for students who enjoy problem solving and learning quickly.",1,"Swift, Linux, SQL, TypeScript, Docker, Python",Computer Science; Software Engineering; Computer Engineering,1700 Lincoln St Denver CO 80203,$28.00/hr,35,3.1,None
910182,UI/UX Design Co-op,AppWorks Studio,Boston MA,Internship,3 Months,Active,"AppWorks Studio Builds consumer mobile apps for fitness, wellness, and events.","As a UI/UX Design Co-op at AppWorks Studio, you will work with engineers and mentors on real production projects. You will help build and test features using React, Git, and Machine Learning. Responsibilities include writing clean code, reviewing pull requests, documenting your work, and presenting progress to the team. You will collaborate across product and design to ship improvements used by customers. Ideal for students who enjoy problem solving and learning quickly.",1,"React, Git, Machine Learning, Selenium, CI/CD, REST APIs",Computer Science; Software Engineering; Computer Engineering,100 Federal St Boston MA 02110,$29.00/hr,35,3.0,US Citizen Only
910183,DevOps Engineering Co-op,SkyGuard Cyber,Boston MA,Internship,6 Months,Active,SkyGuard Cyber Cloud security posture management and compliance scanning.,"As a DevOps Engineering Co-op at SkyGuard Cyber, you will work with engineers and mentors on real production projects. You will help build and test features using Kubernetes, HTML, and Pandas. Responsibilities include writing clean code, reviewing pull requests, documenting your work, and presenting progress to the team. You will collaborate across product and design to ship improvements used by customers. Ideal for students who enjoy problem solving and learning quickly.",1,"Kubernetes, HTML, Pandas, Swift, SQL, Node.js",Bioinformatics; Biomedical Engineering; Data Science,100 Federal St Boston MA 02110,$31.00/hr,20,2.8,US Citizen Only
910184,Backend Developer Intern,Strata Infrastructure,New York NY,Internship,3 Months,Active,"Strata Infrastructure Manages multi-cloud hosting, IaC, and compliance for finance clients.","As a Backend Developer Intern at Strata Infrastructure, you will work with engineers and mentors on real production projects. You will help build and test features using Selenium, Python, and Swift. Responsibilities include writing clean code, reviewing pull requests, documenting your work, and presenting progress to the team. You will collaborate across product and design to ship improvements used by customers. Ideal for students who enjoy problem solving and learning quickly.",1,"Selenium, Python, Swift, Linux, Django, Docker",Bioinformatics; Biomedical Engineering; Data Science,100 Wall St New York NY 10005,$31.00/hr,20,3.2,No Restriction
910185,IT Support Co-op,Beacon Commerce Solutions,San Diego CA,Internship,Summer (June - Sept),Active,Beacon Commerce Solutions Powers e-commerce platforms and payment APIs for retail brands.,"As a IT Support Co-op at Beacon Commerce Solutions, you will work with engineers and mentors on real production projects. You will help build and test features using REST APIs, Git, and PostgreSQL. Responsibilities include writing clean code, reviewing pull requests, documenting your work, and presenting progress to the team. You will collaborate across product and design to ship improvements used by customers. Ideal for students who enjoy problem solving and learning quickly.",1,"REST APIs, Git, PostgreSQL, Kotlin, Django, Node.js",Computer Science; Software Engineering; Computer Engineering,600 B St San Diego CA 92101,$26.00/hr,20,- None -,No Restriction
910186,Machine Learning Intern,Vanguard Analytics Lab,Denver CO,Undergraduate Co-op,6 Months,Active,Vanguard Analytics Lab Provides predictive modeling and business intelligence for logistics teams.,"As a Machine Learning Intern at Vanguard Analytics Lab, you will work with engineers and mentors on real production projects. You will help build and test features using Pandas, HTML, and Selenium. Responsibilities include writing clean code, reviewing pull requests, documenting your work, and presenting progress to the team. You will collaborate across product and design to ship improvements used by customers. Ideal for students who enjoy problem solving and learning quickly.",2,"Pandas, HTML, Selenium, React, Docker, Agile",Cybersecurity; Computer Science; Information Technology,1700 Lincoln St Denver CO 80203,$27.50/hr,35,2.8,No Restriction
910187,Software Engineering Co-op,Ironclad Security Systems,San Diego CA,Co-op,Fall (Sept - Dec),Active,"Ironclad Security Systems Offers threat detection, endpoint monitoring, and zero-trust tooling.","As a Software Engineering Co-op at Ironclad Security Systems, you will work with engineers and mentors on real production projects. You will help build and test features using Machine Learning, HTML, and SQL. Responsibilities include writing clean code, reviewing pull requests, documenting your work, and presenting progress to the team. You will collaborate across product and design to ship improvements used by customers. Ideal for students who enjoy problem solving and learning quickly.",3,"Machine Learning, HTML, SQL, Selenium, REST APIs, Python",Data Science; Business Analytics; Statistics; Information Systems,600 B St San Diego CA 92101,$31.00/hr,40,3.4,No Restriction
910188,Backend Developer Intern,Pipeline Systems,Denver CO,Co-op,Fall (Sept - Dec),Active,"Pipeline Systems Focuses on CI/CD, containers, and deployment reliability.","As a Backend Developer Intern at Pipeline Systems, you will work with engineers and mentors on real production projects. You will help build and test features using Python, Terraform, and React. Responsibilities include writing clean code, reviewing pull requests, documenting your work, and presenting progress to the team. You will collaborate across product and design to ship improvements used by customers. Ideal for students who enjoy problem solving and learning quickly.",2,"Python, Terraform, React, Selenium, Linux, Docker",Cloud Computing; Computer Science; Software Engineering,1700 Lincoln St Denver CO 80203,$26.00/hr,20,3.2,No Restriction
910189,Java Developer Intern,PixelCraft Labs,Cambridge MA,Co-op,Summer (June - Sept),Active,PixelCraft Labs Collaborative web tools for designers and publishing teams.,"As a Java Developer Intern at PixelCraft Labs, you will work with engineers and mentors on real production projects. You will help build and test features using Kubernetes, Django, and Linux. Responsibilities include writing clean code, reviewing pull requests, documenting your work, and presenting progress to the team. You will collaborate across product and design to ship improvements used by customers. Ideal for students who enjoy problem solving and learning quickly.",4,"Kubernetes, Django, Linux, Agile, PyTorch, JavaScript",Computer Engineering; Electrical Engineering; Embedded Systems,1 Kendall Sq Cambridge MA 02139,$29.00/hr,20,2.8,US Citizen or PR
910190,Mobile App Developer Co-op,AppWorks Studio,Atlanta GA,Undergraduate Co-op,6 Months,Active,"AppWorks Studio Builds consumer mobile apps for fitness, wellness, and events.","As a Mobile App Developer Co-op at AppWorks Studio, you will work with engineers and mentors on real production projects. You will help build and test features using Kubernetes, Python, and SQL. Responsibilities include writing clean code, reviewing pull requests, documenting your work, and presenting progress to the team. You will collaborate across product and design to ship improvements used by customers. Ideal for students who enjoy problem solving and learning quickly.",3,"Kubernetes, Python, SQL, PostgreSQL, Terraform, Machine Learning",Robotics Engineering; Computer Science; Computer Engineering,1180 Peachtree St NE Atlanta GA 30309,$28.00/hr,20,3.1,No Restriction
910191,DevOps Engineering Co-op,Shield Network Corp,Boston MA,Internship,6 Months,Active,Shield Network Corp Identity governance and encryption compliance for regulated industries.,"As a DevOps Engineering Co-op at Shield Network Corp, you will work with engineers and mentors on real production projects. You will help build and test features using PostgreSQL, React, and SQL. Responsibilities include writing clean code, reviewing pull requests, documenting your work, and presenting progress to the team. You will collaborate across product and design to ship improvements used by customers. Ideal for students who enjoy problem solving and learning quickly.",3,"PostgreSQL, React, SQL, Node.js, TypeScript, Kotlin",Cloud Computing; Computer Science; Software Engineering,100 Federal St Boston MA 02110,$27.50/hr,20,3.3,US Citizen or PR
910192,React Developer Co-op,QuantEdge Capital,Raleigh NC,Internship,6 Months,Inactive,QuantEdge Capital Algorithmic trading tools and portfolio risk engines.,"As a React Developer Co-op at QuantEdge Capital, you will work with engineers and mentors on real production projects. You will help build and test features using TypeScript, Selenium, and CSS. Responsibilities include writing clean code, reviewing pull requests, documenting your work, and presenting progress to the team. You will collaborate across product and design to ship improvements used by customers. Ideal for students who enjoy problem solving and learning quickly.",2,"TypeScript, Selenium, CSS, CI/CD, PyTorch, JavaScript",Data Science; Business Analytics; Statistics; Information Systems,421 Fayetteville St Raleigh NC 27601,$31.00/hr,20,3.4,None
910193,Site Reliability Engineering Intern,BioGenix Analytics,San Jose CA,Co-op,Summer (June - Sept),Active,BioGenix Analytics ML and stats tooling for genomic and clinical research.,"As a Site Reliability Engineering Intern at BioGenix Analytics, you will work with engineers and mentors on real production projects. You will help build and test features using Node.js, React, and SQL. Responsibilities include writing clean code, reviewing pull requests, documenting your work, and presenting progress to the team. You will collaborate across product and design to ship improvements used by customers. Ideal for students who enjoy problem solving and learning quickly.",4,"Node.js, React, SQL, CI/CD, HTML, JavaScript",Human-Computer Interaction; UX Design; Graphic Design,200 S Mathilda Ave San Jose CA 95110,$26.00/hr,35,3.0,None
910194,Machine Learning Intern,Harbor Analytics,Denver CO,Undergraduate Co-op,3 Months,Active,Harbor Analytics Helps hospitals understand patient and operations data.,"As a Machine Learning Intern at Harbor Analytics, you will work with engineers and mentors on real production projects. You will help build and test features using Docker, TypeScript, and PyTorch. Responsibilities include writing clean code, reviewing pull requests, documenting your work, and presenting progress to the team. You will collaborate across product and design to ship improvements used by customers. Ideal for students who enjoy problem solving and learning quickly.",3,"Docker, TypeScript, PyTorch, Django, Pandas, JavaScript",Cybersecurity; Computer Science; Information Technology,1700 Lincoln St Denver CO 80203,$28.00/hr,20,- None -,US Citizen Only
910195,DevOps Engineering Co-op,Apex Cloud Solutions,Boston MA,Co-op,Summer (June - Sept),Active,Apex Cloud Solutions Builds cloud-native developer tools and microservices platforms for mid-market companies.,"As a DevOps Engineering Co-op at Apex Cloud Solutions, you will work with engineers and mentors on real production projects. You will help build and test features using PostgreSQL, REST APIs, and CSS. Responsibilities include writing clean code, reviewing pull requests, documenting your work, and presenting progress to the team. You will collaborate across product and design to ship improvements used by customers. Ideal for students who enjoy problem solving and learning quickly.",3,"PostgreSQL, REST APIs, CSS, Selenium, Swift, HTML",Computer Engineering; Electrical Engineering; Embedded Systems,100 Federal St Boston MA 02110,$33.00/hr,20,3.0,None
910196,DevOps Engineering Co-op,Strata Infrastructure,Seattle WA,Co-op,6 Months,Inactive,"Strata Infrastructure Manages multi-cloud hosting, IaC, and compliance for finance clients.","As a DevOps Engineering Co-op at Strata Infrastructure, you will work with engineers and mentors on real production projects. You will help build and test features using SQL, PyTorch, and Machine Learning. Responsibilities include writing clean code, reviewing pull requests, documenting your work, and presenting progress to the team. You will collaborate across product and design to ship improvements used by customers. Ideal for students who enjoy problem solving and learning quickly.",1,"SQL, PyTorch, Machine Learning, Python, CI/CD, Selenium",Data Science; Business Analytics; Statistics; Information Systems,1201 3rd Ave Seattle WA 98101,$33.00/hr,35,3.1,US Citizen or PR
910197,QA Automation Intern,QuantEdge Capital,San Diego CA,Undergraduate Co-op,Summer (June - Sept),Inactive,QuantEdge Capital Algorithmic trading tools and portfolio risk engines.,"As a QA Automation Intern at QuantEdge Capital, you will work with engineers and mentors on real production projects. You will help build and test features using Terraform, Kotlin, and Linux. Responsibilities include writing clean code, reviewing pull requests, documenting your work, and presenting progress to the team. You will collaborate across product and design to ship improvements used by customers. Ideal for students who enjoy problem solving and learning quickly.",1,"Terraform, Kotlin, Linux, Django, CI/CD, AWS",Computer Science; Software Engineering; Computer Engineering,600 B St San Diego CA 92101,$28.00/hr,40,3.3,No Restriction
910198,Embedded Systems Co-op,Vanguard Analytics Lab,San Diego CA,Internship,Fall (Sept - Dec),Active,Vanguard Analytics Lab Provides predictive modeling and business intelligence for logistics teams.,"As a Embedded Systems Co-op at Vanguard Analytics Lab, you will work with engineers and mentors on real production projects. You will help build and test features using Java, JavaScript, and React. Responsibilities include writing clean code, reviewing pull requests, documenting your work, and presenting progress to the team. You will collaborate across product and design to ship improvements used by customers. Ideal for students who enjoy problem solving and learning quickly.",4,"Java, JavaScript, React, Agile, Kubernetes, PyTorch",Robotics Engineering; Computer Science; Computer Engineering,600 B St San Diego CA 92101,$27.50/hr,20,3.4,None
910199,Mobile App Developer Co-op,DataVault Solutions,Atlanta GA,Co-op,3 Months,Active,DataVault Solutions Hosts high-availability databases and backup platforms.,"As a Mobile App Developer Co-op at DataVault Solutions, you will work with engineers and mentors on real production projects. You will help build and test features using SQL, Docker, and Django. Responsibilities include writing clean code, reviewing pull requests, documenting your work, and presenting progress to the team. You will collaborate across product and design to ship improvements used by customers. Ideal for students who enjoy problem solving and learning quickly.",4,"SQL, Docker, Django, CI/CD, Agile, Java",Computer Engineering; Electrical Engineering; Embedded Systems,1180 Peachtree St NE Atlanta GA 30309,$30.00/hr,35,3.3,US Citizen Only
910200,Software Engineering Intern,Pipeline Systems,Seattle WA,Internship,6 Months,Active,"Pipeline Systems Focuses on CI/CD, containers, and deployment reliability.","As a Software Engineering Intern at Pipeline Systems, you will work with engineers and mentors on real production projects. You will help build and test features using CI/CD, HTML, and Git. Responsibilities include writing clean code, reviewing pull requests, documenting your work, and presenting progress to the team. You will collaborate across product and design to ship improvements used by customers. Ideal for students who enjoy problem solving and learning quickly.",2,"CI/CD, HTML, Git, PostgreSQL, Python, PyTorch",Bioinformatics; Biomedical Engineering; Data Science,1201 3rd Ave Seattle WA 98101,$29.00/hr,35,3.0,US Citizen Only
910201,React Developer Co-op,DataVault Solutions,Pittsburgh PA,Co-op,3 Months,Inactive,DataVault Solutions Hosts high-availability databases and backup platforms.,"As a React Developer Co-op at DataVault Solutions, you will work with engineers and mentors on real production projects. You will help build and test features using CSS, CI/CD, and Django. Responsibilities include writing clean code, reviewing pull requests, documenting your work, and presenting progress to the team. You will collaborate across product and design to ship improvements used by customers. Ideal for students who enjoy problem solving and learning quickly.",1,"CSS, CI/CD, Django, PyTorch, Java, Node.js",Computer Engineering; Electrical Engineering; Embedded Systems,300 Technology Dr Pittsburgh PA 15219,$33.00/hr,35,- None -,US Citizen or PR
910202,Site Reliability Engineering Intern,Nexus Digital Products,Boston MA,Co-op,Summer (June - Sept),Inactive,Nexus Digital Products Creates ERP modules and workflow software for healthcare providers.,"As a Site Reliability Engineering Intern at Nexus Digital Products, you will work with engineers and mentors on real production projects. You will help build and test features using Docker, Swift, and Git. Responsibilities include writing clean code, reviewing pull requests, documenting your work, and presenting progress to the team. You will collaborate across product and design to ship improvements used by customers. Ideal for students who enjoy problem solving and learning quickly.",3,"Docker, Swift, Git, REST APIs, CSS, Kubernetes",Computer Science; Software Engineering; Computer Engineering,100 Federal St Boston MA 02110,$31.00/hr,35,2.8,US Citizen Only
910203,Python Developer Co-op,NetLink Telecom,Seattle WA,Co-op,Fall (Sept - Dec),Inactive,NetLink Telecom Fiber and enterprise networking infrastructure operator.,"As a Python Developer Co-op at NetLink Telecom, you will work with engineers and mentors on real production projects. You will help build and test features using PostgreSQL, Kotlin, and REST APIs. Responsibilities include writing clean code, reviewing pull requests, documenting your work, and presenting progress to the team. You will collaborate across product and design to ship improvements used by customers. Ideal for students who enjoy problem solving and learning quickly.",4,"PostgreSQL, Kotlin, REST APIs, Django, PyTorch, SQL",Robotics Engineering; Computer Science; Computer Engineering,1201 3rd Ave Seattle WA 98101,$30.00/hr,35,3.1,None
910204,QA Automation Intern,Nexus Digital Products,Raleigh NC,Co-op,3 Months,Active,Nexus Digital Products Creates ERP modules and workflow software for healthcare providers.,"As a QA Automation Intern at Nexus Digital Products, you will work with engineers and mentors on real production projects. You will help build and test features using Docker, AWS, and Selenium. Responsibilities include writing clean code, reviewing pull requests, documenting your work, and presenting progress to the team. You will collaborate across product and design to ship improvements used by customers. Ideal for students who enjoy problem solving and learning quickly.",2,"Docker, AWS, Selenium, CI/CD, Node.js, Git",Bioinformatics; Biomedical Engineering; Data Science,421 Fayetteville St Raleigh NC 27601,$30.00/hr,35,3.3,US Citizen Only
910205,Business Analyst Co-op,PixelCraft Labs,San Diego CA,Undergraduate Co-op,6 Months,Active,PixelCraft Labs Collaborative web tools for designers and publishing teams.,"As a Business Analyst Co-op at PixelCraft Labs, you will work with engineers and mentors on real production projects. You will help build and test features using JavaScript, HTML, and Git. Responsibilities include writing clean code, reviewing pull requests, documenting your work, and presenting progress to the team. You will collaborate across product and design to ship improvements used by customers. Ideal for students who enjoy problem solving and learning quickly.",3,"JavaScript, HTML, Git, React, AWS, Terraform",Human-Computer Interaction; UX Design; Graphic Design,600 B St San Diego CA 92101,$31.00/hr,40,3.1,None
910206,UI/UX Design Co-op,Shield Network Corp,Austin TX,Co-op,6 Months,Active,Shield Network Corp Identity governance and encryption compliance for regulated industries.,"As a UI/UX Design Co-op at Shield Network Corp, you will work with engineers and mentors on real production projects. You will help build and test features using Agile, Docker, and CSS. Responsibilities include writing clean code, reviewing pull requests, documenting your work, and presenting progress to the team. You will collaborate across product and design to ship improvements used by customers. Ideal for students who enjoy problem solving and learning quickly.",1,"Agile, Docker, CSS, Kubernetes, TypeScript, SQL",Data Science; Business Analytics; Statistics; Information Systems,500 W 2nd St Austin TX 78701,$26.00/hr,20,3.2,US Citizen or PR
910207,Machine Learning Intern,Apex Cloud Solutions,Chicago IL,Co-op,Summer (June - Sept),Active,Apex Cloud Solutions Builds cloud-native developer tools and microservices platforms for mid-market companies.,"As a Machine Learning Intern at Apex Cloud Solutions, you will work with engineers and mentors on real production projects. You will help build and test features using Node.js, Kubernetes, and Python. Responsibilities include writing clean code, reviewing pull requests, documenting your work, and presenting progress to the team. You will collaborate across product and design to ship improvements used by customers. Ideal for students who enjoy problem solving and learning quickly.",1,"Node.js, Kubernetes, Python, Swift, Git, Selenium",Cloud Computing; Computer Science; Software Engineering,150 N Riverside Plaza Chicago IL 60606,$29.00/hr,20,2.8,US Citizen Only
910208,Software Engineering Co-op,Beacon Commerce Solutions,San Diego CA,Internship,Fall (Sept - Dec),Active,Beacon Commerce Solutions Powers e-commerce platforms and payment APIs for retail brands.,"As a Software Engineering Co-op at Beacon Commerce Solutions, you will work with engineers and mentors on real production projects. You will help build and test features using Pandas, Java, and JavaScript. Responsibilities include writing clean code, reviewing pull requests, documenting your work, and presenting progress to the team. You will collaborate across product and design to ship improvements used by customers. Ideal for students who enjoy problem solving and learning quickly.",4,"Pandas, Java, JavaScript, Kubernetes, Agile, Git",Computer Science; Software Engineering; Computer Engineering,600 B St San Diego CA 92101,$26.00/hr,35,3.4,US Citizen Only
910209,Product Management Intern,Vanguard Analytics Lab,Pittsburgh PA,Co-op,3 Months,Active,Vanguard Analytics Lab Provides predictive modeling and business intelligence for logistics teams.,"As a Product Management Intern at Vanguard Analytics Lab, you will work with engineers and mentors on real production projects. You will help build and test features using PyTorch, Selenium, and Git. Responsibilities include writing clean code, reviewing pull requests, documenting your work, and presenting progress to the team. You will collaborate across product and design to ship improvements used by customers. Ideal for students who enjoy problem solving and learning quickly.",1,"PyTorch, Selenium, Git, React, JavaScript, Python",Computer Engineering; Electrical Engineering; Embedded Systems,300 Technology Dr Pittsburgh PA 15219,$33.00/hr,35,3.3,US Citizen Only
910210,Site Reliability Engineering Intern,QuantEdge Capital,Pittsburgh PA,Co-op,Summer (June - Sept),Inactive,QuantEdge Capital Algorithmic trading tools and portfolio risk engines.,"As a Site Reliability Engineering Intern at QuantEdge Capital, you will work with engineers and mentors on real production projects. You will help build and test features using Node.js, Django, and Terraform. Responsibilities include writing clean code, reviewing pull requests, documenting your work, and presenting progress to the team. You will collaborate across product and design to ship improvements used by customers. Ideal for students who enjoy problem solving and learning quickly.",1,"Node.js, Django, Terraform, Agile, CI/CD, Git",Bioinformatics; Biomedical Engineering; Data Science,300 Technology Dr Pittsburgh PA 15219,$31.00/hr,20,2.8,No Restriction
910211,DevOps Engineering Co-op,QuantEdge Capital,Seattle WA,Undergraduate Co-op,Fall (Sept - Dec),Active,QuantEdge Capital Algorithmic trading tools and portfolio risk engines.,"As a DevOps Engineering Co-op at QuantEdge Capital, you will work with engineers and mentors on real production projects. You will help build and test features using CSS, Kotlin, and AWS. Responsibilities include writing clean code, reviewing pull requests, documenting your work, and presenting progress to the team. You will collaborate across product and design to ship improvements used by customers. Ideal for students who enjoy problem solving and learning quickly.",3,"CSS, Kotlin, AWS, Django, Selenium, Python",Cybersecurity; Computer Science; Information Technology,1201 3rd Ave Seattle WA 98101,$31.00/hr,40,3.3,None
910212,AI Research Intern,Apex Cloud Solutions,New York NY,Co-op,Summer (June - Sept),Active,Apex Cloud Solutions Builds cloud-native developer tools and microservices platforms for mid-market companies.,"As a AI Research Intern at Apex Cloud Solutions, you will work with engineers and mentors on real production projects. You will help build and test features using TypeScript, Java, and Node.js. Responsibilities include writing clean code, reviewing pull requests, documenting your work, and presenting progress to the team. You will collaborate across product and design to ship improvements used by customers. Ideal for students who enjoy problem solving and learning quickly.",2,"TypeScript, Java, Node.js, CSS, SQL, Selenium",Cybersecurity; Computer Science; Information Technology,100 Wall St New York NY 10005,$33.00/hr,20,- None -,US Citizen or PR
910213,Software Engineering Intern,Aether Interactive,Seattle WA,Undergraduate Co-op,Summer (June - Sept),Inactive,Aether Interactive Independent studio building multiplayer action games.,"As a Software Engineering Intern at Aether Interactive, you will work with engineers and mentors on real production projects. You will help build and test features using Swift, PyTorch, and PostgreSQL. Responsibilities include writing clean code, reviewing pull requests, documenting your work, and presenting progress to the team. You will collaborate across product and design to ship improvements used by customers. Ideal for students who enjoy problem solving and learning quickly.",4,"Swift, PyTorch, PostgreSQL, Machine Learning, HTML, SQL",Human-Computer Interaction; UX Design; Graphic Design,1201 3rd Ave Seattle WA 98101,$28.00/hr,40,3.0,None
910214,Embedded Systems Co-op,Ironclad Security Systems,Dallas TX,Internship,Fall (Sept - Dec),Inactive,"Ironclad Security Systems Offers threat detection, endpoint monitoring, and zero-trust tooling.","As a Embedded Systems Co-op at Ironclad Security Systems, you will work with engineers and mentors on real production projects. You will help build and test features using Linux, Terraform, and REST APIs. Responsibilities include writing clean code, reviewing pull requests, documenting your work, and presenting progress to the team. You will collaborate across product and design to ship improvements used by customers. Ideal for students who enjoy problem solving and learning quickly.",2,"Linux, Terraform, REST APIs, Java, PostgreSQL, CI/CD",Computer Science; Software Engineering; Computer Engineering,2100 Ross Ave Dallas TX 75201,$28.00/hr,40,3.2,No Restriction
910215,Frontend Developer Co-op,Strata Infrastructure,Seattle WA,Internship,3 Months,Active,"Strata Infrastructure Manages multi-cloud hosting, IaC, and compliance for finance clients.","As a Frontend Developer Co-op at Strata Infrastructure, you will work with engineers and mentors on real production projects. You will help build and test features using SQL, Git, and Pandas. Responsibilities include writing clean code, reviewing pull requests, documenting your work, and presenting progress to the team. You will collaborate across product and design to ship improvements used by customers. Ideal for students who enjoy problem solving and learning quickly.",4,"SQL, Git, Pandas, Kubernetes, AWS, Docker",Bioinformatics; Biomedical Engineering; Data Science,1201 3rd Ave Seattle WA 98101,$33.00/hr,40,- None -,US Citizen Only
910216,Backend Developer Intern,AppWorks Studio,Seattle WA,Undergraduate Co-op,Fall (Sept - Dec),Active,"AppWorks Studio Builds consumer mobile apps for fitness, wellness, and events.","As a Backend Developer Intern at AppWorks Studio, you will work with engineers and mentors on real production projects. You will help build and test features using Python, HTML, and PostgreSQL. Responsibilities include writing clean code, reviewing pull requests, documenting your work, and presenting progress to the team. You will collaborate across product and design to ship improvements used by customers. Ideal for students who enjoy problem solving and learning quickly.",1,"Python, HTML, PostgreSQL, React, Git, Agile",Human-Computer Interaction; UX Design; Graphic Design,1201 3rd Ave Seattle WA 98101,$33.00/hr,20,3.2,None
910217,Data Analytics Intern,BioGenix Analytics,San Jose CA,Co-op,3 Months,Active,BioGenix Analytics ML and stats tooling for genomic and clinical research.,"As a Data Analytics Intern at BioGenix Analytics, you will work with engineers and mentors on real production projects. You will help build and test features using Django, Docker, and Terraform. Responsibilities include writing clean code, reviewing pull requests, documenting your work, and presenting progress to the team. You will collaborate across product and design to ship improvements used by customers. Ideal for students who enjoy problem solving and learning quickly.",2,"Django, Docker, Terraform, Python, TypeScript, Kotlin",Computer Engineering; Electrical Engineering; Embedded Systems,200 S Mathilda Ave San Jose CA 95110,$26.00/hr,40,3.3,No Restriction
910218,Product Management Intern,Ironclad Security Systems,Seattle WA,Undergraduate Co-op,3 Months,Active,"Ironclad Security Systems Offers threat detection, endpoint monitoring, and zero-trust tooling.","As a Product Management Intern at Ironclad Security Systems, you will work with engineers and mentors on real production projects. You will help build and test features using Kubernetes, Terraform, and PyTorch. Responsibilities include writing clean code, reviewing pull requests, documenting your work, and presenting progress to the team. You will collaborate across product and design to ship improvements used by customers. Ideal for students who enjoy problem solving and learning quickly.",1,"Kubernetes, Terraform, PyTorch, Linux, Git, Java",Computer Science; Software Engineering; Computer Engineering,1201 3rd Ave Seattle WA 98101,$27.50/hr,20,3.4,US Citizen or PR
910219,Product Management Intern,SkyGuard Cyber,Raleigh NC,Co-op,6 Months,Inactive,SkyGuard Cyber Cloud security posture management and compliance scanning.,"As a Product Management Intern at SkyGuard Cyber, you will work with engineers and mentors on real production projects. You will help build and test features using TypeScript, Selenium, and Python. Responsibilities include writing clean code, reviewing pull requests, documenting your work, and presenting progress to the team. You will collaborate across product and design to ship improvements used by customers. Ideal for students who enjoy problem solving and learning quickly.",2,"TypeScript, Selenium, Python, Java, Git, JavaScript",Robotics Engineering; Computer Science; Computer Engineering,421 Fayetteville St Raleigh NC 27601,$26.00/hr,40,3.1,US Citizen or PR
910220,Python Developer Co-op,QuantEdge Capital,Boston MA,Co-op,6 Months,Active,QuantEdge Capital Algorithmic trading tools and portfolio risk engines.,"As a Python Developer Co-op at QuantEdge Capital, you will work with engineers and mentors on real production projects. You will help build and test features using CSS, REST APIs, and HTML. Responsibilities include writing clean code, reviewing pull requests, documenting your work, and presenting progress to the team. You will collaborate across product and design to ship improvements used by customers. Ideal for students who enjoy problem solving and learning quickly.",2,"CSS, REST APIs, HTML, JavaScript, Swift, SQL",Computer Science; Software Engineering; Computer Engineering,100 Federal St Boston MA 02110,$28.00/hr,35,3.0,None
910221,Python Developer Co-op,Cognitive Dynamics Lab,Philadelphia PA,Undergraduate Co-op,6 Months,Inactive,Cognitive Dynamics Lab Develops edge-AI perception models for robotics and automation.,"As a Python Developer Co-op at Cognitive Dynamics Lab, you will work with engineers and mentors on real production projects. You will help build and test features using Pandas, Node.js, and REST APIs. Responsibilities include writing clean code, reviewing pull requests, documenting your work, and presenting progress to the team. You will collaborate across product and design to ship improvements used by customers. Ideal for students who enjoy problem solving and learning quickly.",3,"Pandas, Node.js, REST APIs, AWS, Python, Git",Computer Engineering; Electrical Engineering; Embedded Systems,1500 Market St Philadelphia PA 19102,$31.00/hr,35,- None -,US Citizen Only
910222,Product Management Intern,Shield Network Corp,Seattle WA,Internship,3 Months,Active,Shield Network Corp Identity governance and encryption compliance for regulated industries.,"As a Product Management Intern at Shield Network Corp, you will work with engineers and mentors on real production projects. You will help build and test features using Node.js, Pandas, and Linux. Responsibilities include writing clean code, reviewing pull requests, documenting your work, and presenting progress to the team. You will collaborate across product and design to ship improvements used by customers. Ideal for students who enjoy problem solving and learning quickly.",2,"Node.js, Pandas, Linux, Django, Selenium, Terraform",Bioinformatics; Biomedical Engineering; Data Science,1201 3rd Ave Seattle WA 98101,$31.00/hr,20,2.8,No Restriction
910223,Machine Learning Intern,Strata Infrastructure,Dallas TX,Undergraduate Co-op,Summer (June - Sept),Inactive,"Strata Infrastructure Manages multi-cloud hosting, IaC, and compliance for finance clients.","As a Machine Learning Intern at Strata Infrastructure, you will work with engineers and mentors on real production projects. You will help build and test features using TypeScript, JavaScript, and Agile. Responsibilities include writing clean code, reviewing pull requests, documenting your work, and presenting progress to the team. You will collaborate across product and design to ship improvements used by customers. Ideal for students who enjoy problem solving and learning quickly.",3,"TypeScript, JavaScript, Agile, Java, PyTorch, Linux",Cloud Computing; Computer Science; Software Engineering,2100 Ross Ave Dallas TX 75201,$30.00/hr,40,3.3,No Restriction
910224,Mobile App Developer Co-op,Aether Interactive,Pittsburgh PA,Undergraduate Co-op,6 Months,Inactive,Aether Interactive Independent studio building multiplayer action games.,"As a Mobile App Developer Co-op at Aether Interactive, you will work with engineers and mentors on real production projects. You will help build and test features using Node.js, Linux, and PostgreSQL. Responsibilities include writing clean code, reviewing pull requests, documenting your work, and presenting progress to the team. You will collaborate across product and design to ship improvements used by customers. Ideal for students who enjoy problem solving and learning quickly.",3,"Node.js, Linux, PostgreSQL, Kubernetes, Swift, REST APIs",Computer Engineering; Electrical Engineering; Embedded Systems,300 Technology Dr Pittsburgh PA 15219,$26.00/hr,20,- None -,US Citizen or PR
910225,Bioinformatics Co-op,Harbor Analytics,Chicago IL,Internship,3 Months,Active,Harbor Analytics Helps hospitals understand patient and operations data.,"As a Bioinformatics Co-op at Harbor Analytics, you will work with engineers and mentors on real production projects. You will help build and test features using AWS, HTML, and Selenium. Responsibilities include writing clean code, reviewing pull requests, documenting your work, and presenting progress to the team. You will collaborate across product and design to ship improvements used by customers. Ideal for students who enjoy problem solving and learning quickly.",1,"AWS, HTML, Selenium, REST APIs, CSS, CI/CD",Computer Engineering; Electrical Engineering; Embedded Systems,150 N Riverside Plaza Chicago IL 60606,$30.00/hr,40,3.4,US Citizen or PR
910226,Frontend Developer Co-op,DataVault Solutions,Dallas TX,Undergraduate Co-op,6 Months,Active,DataVault Solutions Hosts high-availability databases and backup platforms.,"As a Frontend Developer Co-op at DataVault Solutions, you will work with engineers and mentors on real production projects. You will help build and test features using React, Django, and Terraform. Responsibilities include writing clean code, reviewing pull requests, documenting your work, and presenting progress to the team. You will collaborate across product and design to ship improvements used by customers. Ideal for students who enjoy problem solving and learning quickly.",4,"React, Django, Terraform, Machine Learning, Kotlin, Kubernetes",Computer Engineering; Electrical Engineering; Embedded Systems,2100 Ross Ave Dallas TX 75201,$33.00/hr,35,3.0,No Restriction
910227,Network Engineer Intern,Nexus Digital Products,Chicago IL,Undergraduate Co-op,Summer (June - Sept),Inactive,Nexus Digital Products Creates ERP modules and workflow software for healthcare providers.,"As a Network Engineer Intern at Nexus Digital Products, you will work with engineers and mentors on real production projects. You will help build and test features using Linux, TypeScript, and REST APIs. Responsibilities include writing clean code, reviewing pull requests, documenting your work, and presenting progress to the team. You will collaborate across product and design to ship improvements used by customers. Ideal for students who enjoy problem solving and learning quickly.",1,"Linux, TypeScript, REST APIs, Selenium, Terraform, CSS",Bioinformatics; Biomedical Engineering; Data Science,150 N Riverside Plaza Chicago IL 60606,$29.00/hr,35,3.3,None
910228,IT Support Co-op,BioGenix Analytics,Denver CO,Internship,Fall (Sept - Dec),Active,BioGenix Analytics ML and stats tooling for genomic and clinical research.,"As a IT Support Co-op at BioGenix Analytics, you will work with engineers and mentors on real production projects. You will help build and test features using Selenium, React, and CSS. Responsibilities include writing clean code, reviewing pull requests, documenting your work, and presenting progress to the team. You will collaborate across product and design to ship improvements used by customers. Ideal for students who enjoy problem solving and learning quickly.",3,"Selenium, React, CSS, Django, Python, PyTorch",Computer Engineering; Electrical Engineering; Embedded Systems,1700 Lincoln St Denver CO 80203,$33.00/hr,35,3.2,None
910229,Machine Learning Intern,QuantEdge Capital,Philadelphia PA,Undergraduate Co-op,Summer (June - Sept),Active,QuantEdge Capital Algorithmic trading tools and portfolio risk engines.,"As a Machine Learning Intern at QuantEdge Capital, you will work with engineers and mentors on real production projects. You will help build and test features using CI/CD, AWS, and Java. Responsibilities include writing clean code, reviewing pull requests, documenting your work, and presenting progress to the team. You will collaborate across product and design to ship improvements used by customers. Ideal for students who enjoy problem solving and learning quickly.",3,"CI/CD, AWS, Java, Kotlin, React, Docker",Human-Computer Interaction; UX Design; Graphic Design,1500 Market St Philadelphia PA 19102,$28.00/hr,35,3.0,No Restriction
910230,Machine Learning Intern,Ironclad Security Systems,New York NY,Internship,Summer (June - Sept),Active,"Ironclad Security Systems Offers threat detection, endpoint monitoring, and zero-trust tooling.","As a Machine Learning Intern at Ironclad Security Systems, you will work with engineers and mentors on real production projects. You will help build and test features using Pandas, Docker, and Agile. Responsibilities include writing clean code, reviewing pull requests, documenting your work, and presenting progress to the team. You will collaborate across product and design to ship improvements used by customers. Ideal for students who enjoy problem solving and learning quickly.",3,"Pandas, Docker, Agile, REST APIs, Java, Machine Learning",Robotics Engineering; Computer Science; Computer Engineering,100 Wall St New York NY 10005,$29.00/hr,20,3.4,US Citizen Only
910231,Frontend Developer Co-op,DataVault Solutions,San Jose CA,Co-op,3 Months,Active,DataVault Solutions Hosts high-availability databases and backup platforms.,"As a Frontend Developer Co-op at DataVault Solutions, you will work with engineers and mentors on real production projects. You will help build and test features using CI/CD, Django, and Agile. Responsibilities include writing clean code, reviewing pull requests, documenting your work, and presenting progress to the team. You will collaborate across product and design to ship improvements used by customers. Ideal for students who enjoy problem solving and learning quickly.",1,"CI/CD, Django, Agile, SQL, Kotlin, REST APIs",Data Science; Business Analytics; Statistics; Information Systems,200 S Mathilda Ave San Jose CA 95110,$33.00/hr,35,3.3,No Restriction
910232,Product Management Intern,Aether Interactive,Denver CO,Internship,Fall (Sept - Dec),Inactive,Aether Interactive Independent studio building multiplayer action games.,"As a Product Management Intern at Aether Interactive, you will work with engineers and mentors on real production projects. You will help build and test features using Kubernetes, Swift, and Python. Responsibilities include writing clean code, reviewing pull requests, documenting your work, and presenting progress to the team. You will collaborate across product and design to ship improvements used by customers. Ideal for students who enjoy problem solving and learning quickly.",4,"Kubernetes, Swift, Python, TypeScript, CI/CD, Terraform",Cloud Computing; Computer Science; Software Engineering,1700 Lincoln St Denver CO 80203,$27.50/hr,40,3.3,No Restriction
910233,Data Science Co-op,NetLink Telecom,Atlanta GA,Undergraduate Co-op,6 Months,Active,NetLink Telecom Fiber and enterprise networking infrastructure operator.,"As a Data Science Co-op at NetLink Telecom, you will work with engineers and mentors on real production projects. You will help build and test features using Swift, Python, and Terraform. Responsibilities include writing clean code, reviewing pull requests, documenting your work, and presenting progress to the team. You will collaborate across product and design to ship improvements used by customers. Ideal for students who enjoy problem solving and learning quickly.",3,"Swift, Python, Terraform, PostgreSQL, SQL, Linux",Robotics Engineering; Computer Science; Computer Engineering,1180 Peachtree St NE Atlanta GA 30309,$33.00/hr,35,3.0,None
910234,Backend Developer Intern,Strata Infrastructure,Pittsburgh PA,Internship,6 Months,Active,"Strata Infrastructure Manages multi-cloud hosting, IaC, and compliance for finance clients.","As a Backend Developer Intern at Strata Infrastructure, you will work with engineers and mentors on real production projects. You will help build and test features using Python, TypeScript, and HTML. Responsibilities include writing clean code, reviewing pull requests, documenting your work, and presenting progress to the team. You will collaborate across product and design to ship improvements used by customers. Ideal for students who enjoy problem solving and learning quickly.",3,"Python, TypeScript, HTML, JavaScript, SQL, CI/CD",Cloud Computing; Computer Science; Software Engineering,300 Technology Dr Pittsburgh PA 15219,$33.00/hr,40,3.4,No Restriction
910235,Data Science Co-op,SkyGuard Cyber,San Jose CA,Undergraduate Co-op,6 Months,Active,SkyGuard Cyber Cloud security posture management and compliance scanning.,"As a Data Science Co-op at SkyGuard Cyber, you will work with engineers and mentors on real production projects. You will help build and test features using Java, Kubernetes, and Django. Responsibilities include writing clean code, reviewing pull requests, documenting your work, and presenting progress to the team. You will collaborate across product and design to ship improvements used by customers. Ideal for students who enjoy problem solving and learning quickly.",3,"Java, Kubernetes, Django, Git, PyTorch, SQL",Bioinformatics; Biomedical Engineering; Data Science,200 S Mathilda Ave San Jose CA 95110,$26.00/hr,35,3.3,US Citizen Only
910236,Java Developer Intern,AppWorks Studio,San Jose CA,Co-op,Fall (Sept - Dec),Inactive,"AppWorks Studio Builds consumer mobile apps for fitness, wellness, and events.","As a Java Developer Intern at AppWorks Studio, you will work with engineers and mentors on real production projects. You will help build and test features using CSS, Pandas, and Terraform. Responsibilities include writing clean code, reviewing pull requests, documenting your work, and presenting progress to the team. You will collaborate across product and design to ship improvements used by customers. Ideal for students who enjoy problem solving and learning quickly.",3,"CSS, Pandas, Terraform, Java, Docker, Selenium",Bioinformatics; Biomedical Engineering; Data Science,200 S Mathilda Ave San Jose CA 95110,$27.50/hr,40,3.0,US Citizen or PR
910237,IT Support Co-op,QuantEdge Capital,Seattle WA,Internship,Summer (June - Sept),Active,QuantEdge Capital Algorithmic trading tools and portfolio risk engines.,"As a IT Support Co-op at QuantEdge Capital, you will work with engineers and mentors on real production projects. You will help build and test features using Machine Learning, Terraform, and HTML. Responsibilities include writing clean code, reviewing pull requests, documenting your work, and presenting progress to the team. You will collaborate across product and design to ship improvements used by customers. Ideal for students who enjoy problem solving and learning quickly.",4,"Machine Learning, Terraform, HTML, PyTorch, CI/CD, Django",Computer Science; Software Engineering; Computer Engineering,1201 3rd Ave Seattle WA 98101,$31.00/hr,35,3.0,None
910238,React Developer Co-op,PixelCraft Labs,San Diego CA,Co-op,3 Months,Inactive,PixelCraft Labs Collaborative web tools for designers and publishing teams.,"As a React Developer Co-op at PixelCraft Labs, you will work with engineers and mentors on real production projects. You will help build and test features using Git, Java, and AWS. Responsibilities include writing clean code, reviewing pull requests, documenting your work, and presenting progress to the team. You will collaborate across product and design to ship improvements used by customers. Ideal for students who enjoy problem solving and learning quickly.",4,"Git, Java, AWS, PostgreSQL, Machine Learning, Docker",Cloud Computing; Computer Science; Software Engineering,600 B St San Diego CA 92101,$27.50/hr,40,3.0,US Citizen or PR
910239,IT Support Co-op,PixelCraft Labs,Boston MA,Co-op,3 Months,Inactive,PixelCraft Labs Collaborative web tools for designers and publishing teams.,"As a IT Support Co-op at PixelCraft Labs, you will work with engineers and mentors on real production projects. You will help build and test features using Java, Django, and JavaScript. Responsibilities include writing clean code, reviewing pull requests, documenting your work, and presenting progress to the team. You will collaborate across product and design to ship improvements used by customers. Ideal for students who enjoy problem solving and learning quickly.",2,"Java, Django, JavaScript, Agile, HTML, React",Bioinformatics; Biomedical Engineering; Data Science,100 Federal St Boston MA 02110,$33.00/hr,40,3.4,US Citizen or PR
910240,Bioinformatics Co-op,Nexus Digital Products,Cambridge MA,Co-op,6 Months,Active,Nexus Digital Products Creates ERP modules and workflow software for healthcare providers.,"As a Bioinformatics Co-op at Nexus Digital Products, you will work with engineers and mentors on real production projects. You will help build and test features using PyTorch, SQL, and CSS. Responsibilities include writing clean code, reviewing pull requests, documenting your work, and presenting progress to the team. You will collaborate across product and design to ship improvements used by customers. Ideal for students who enjoy problem solving and learning quickly.",4,"PyTorch, SQL, CSS, TypeScript, Machine Learning, Kotlin",Human-Computer Interaction; UX Design; Graphic Design,1 Kendall Sq Cambridge MA 02139,$31.00/hr,35,2.8,No Restriction
910241,Data Science Co-op,PixelCraft Labs,San Diego CA,Internship,3 Months,Active,PixelCraft Labs Collaborative web tools for designers and publishing teams.,"As a Data Science Co-op at PixelCraft Labs, you will work with engineers and mentors on real production projects. You will help build and test features using Java, PyTorch, and Django. Responsibilities include writing clean code, reviewing pull requests, documenting your work, and presenting progress to the team. You will collaborate across product and design to ship improvements used by customers. Ideal for students who enjoy problem solving and learning quickly.",2,"Java, PyTorch, Django, Kotlin, React, Machine Learning",Bioinformatics; Biomedical Engineering; Data Science,600 B St San Diego CA 92101,$28.00/hr,35,3.4,US Citizen or PR
910242,Embedded Systems Co-op,Nexus Digital Products,Dallas TX,Undergraduate Co-op,Summer (June - Sept),Active,Nexus Digital Products Creates ERP modules and workflow software for healthcare providers.,"As a Embedded Systems Co-op at Nexus Digital Products, you will work with engineers and mentors on real production projects. You will help build and test features using PostgreSQL, Linux, and Java. Responsibilities include writing clean code, reviewing pull requests, documenting your work, and presenting progress to the team. You will collaborate across product and design to ship improvements used by customers. Ideal for students who enjoy problem solving and learning quickly.",1,"PostgreSQL, Linux, Java, Git, Swift, Django",Human-Computer Interaction; UX Design; Graphic Design,2100 Ross Ave Dallas TX 75201,$29.00/hr,40,2.8,US Citizen or PR
910243,Mobile App Developer Co-op,PixelCraft Labs,Dallas TX,Undergraduate Co-op,6 Months,Active,PixelCraft Labs Collaborative web tools for designers and publishing teams.,"As a Mobile App Developer Co-op at PixelCraft Labs, you will work with engineers and mentors on real production projects. You will help build and test features using Linux, TypeScript, and Java. Responsibilities include writing clean code, reviewing pull requests, documenting your work, and presenting progress to the team. You will collaborate across product and design to ship improvements used by customers. Ideal for students who enjoy problem solving and learning quickly.",4,"Linux, TypeScript, Java, REST APIs, Swift, SQL",Computer Engineering; Electrical Engineering; Embedded Systems,2100 Ross Ave Dallas TX 75201,$26.00/hr,35,3.0,US Citizen or PR
910244,DevOps Engineering Co-op,NetLink Telecom,San Diego CA,Co-op,Fall (Sept - Dec),Active,NetLink Telecom Fiber and enterprise networking infrastructure operator.,"As a DevOps Engineering Co-op at NetLink Telecom, you will work with engineers and mentors on real production projects. You will help build and test features using Docker, Agile, and CI/CD. Responsibilities include writing clean code, reviewing pull requests, documenting your work, and presenting progress to the team. You will collaborate across product and design to ship improvements used by customers. Ideal for students who enjoy problem solving and learning quickly.",2,"Docker, Agile, CI/CD, Node.js, JavaScript, SQL",Bioinformatics; Biomedical Engineering; Data Science,600 B St San Diego CA 92101,$26.00/hr,20,3.4,None
910245,Cybersecurity Co-op,Apex Cloud Solutions,Austin TX,Internship,Fall (Sept - Dec),Inactive,Apex Cloud Solutions Builds cloud-native developer tools and microservices platforms for mid-market companies.,"As a Cybersecurity Co-op at Apex Cloud Solutions, you will work with engineers and mentors on real production projects. You will help build and test features using Django, Terraform, and Docker. Responsibilities include writing clean code, reviewing pull requests, documenting your work, and presenting progress to the team. You will collaborate across product and design to ship improvements used by customers. Ideal for students who enjoy problem solving and learning quickly.",2,"Django, Terraform, Docker, Java, React, Git",Computer Engineering; Electrical Engineering; Embedded Systems,500 W 2nd St Austin TX 78701,$31.00/hr,35,3.1,None
910246,Embedded Systems Co-op,AppWorks Studio,Boston MA,Co-op,Fall (Sept - Dec),Inactive,"AppWorks Studio Builds consumer mobile apps for fitness, wellness, and events.","As a Embedded Systems Co-op at AppWorks Studio, you will work with engineers and mentors on real production projects. You will help build and test features using Selenium, Node.js, and Machine Learning. Responsibilities include writing clean code, reviewing pull requests, documenting your work, and presenting progress to the team. You will collaborate across product and design to ship improvements used by customers. Ideal for students who enjoy problem solving and learning quickly.",1,"Selenium, Node.js, Machine Learning, TypeScript, Swift, PyTorch",Computer Science; Software Engineering; Computer Engineering,100 Federal St Boston MA 02110,$26.00/hr,20,3.4,None
910247,IT Support Co-op,PixelCraft Labs,Raleigh NC,Undergraduate Co-op,3 Months,Active,PixelCraft Labs Collaborative web tools for designers and publishing teams.,"As a IT Support Co-op at PixelCraft Labs, you will work with engineers and mentors on real production projects. You will help build and test features using Django, Pandas, and CI/CD. Responsibilities include writing clean code, reviewing pull requests, documenting your work, and presenting progress to the team. You will collaborate across product and design to ship improvements used by customers. Ideal for students who enjoy problem solving and learning quickly.",2,"Django, Pandas, CI/CD, REST APIs, JavaScript, PyTorch",Data Science; Business Analytics; Statistics; Information Systems,421 Fayetteville St Raleigh NC 27601,$28.00/hr,40,- None -,No Restriction
910248,Data Science Co-op,AppWorks Studio,Chicago IL,Internship,6 Months,Active,"AppWorks Studio Builds consumer mobile apps for fitness, wellness, and events.","As a Data Science Co-op at AppWorks Studio, you will work with engineers and mentors on real production projects. You will help build and test features using TypeScript, Kotlin, and PostgreSQL. Responsibilities include writing clean code, reviewing pull requests, documenting your work, and presenting progress to the team. You will collaborate across product and design to ship improvements used by customers. Ideal for students who enjoy problem solving and learning quickly.",4,"TypeScript, Kotlin, PostgreSQL, Swift, Django, HTML",Human-Computer Interaction; UX Design; Graphic Design,150 N Riverside Plaza Chicago IL 60606,$27.50/hr,20,3.4,None
910249,DevOps Engineering Co-op,Aether Interactive,Seattle WA,Co-op,3 Months,Active,Aether Interactive Independent studio building multiplayer action games.,"As a DevOps Engineering Co-op at Aether Interactive, you will work with engineers and mentors on real production projects. You will help build and test features using SQL, Docker, and Linux. Responsibilities include writing clean code, reviewing pull requests, documenting your work, and presenting progress to the team. You will collaborate across product and design to ship improvements used by customers. Ideal for students who enjoy problem solving and learning quickly.",1,"SQL, Docker, Linux, Node.js, Kotlin, Django",Data Science; Business Analytics; Statistics; Information Systems,1201 3rd Ave Seattle WA 98101,$26.00/hr,35,- None -,US Citizen or PR
910250,Backend Developer Intern,Strata Infrastructure,McLean VA,Undergraduate Co-op,6 Months,Active,"Strata Infrastructure Manages multi-cloud hosting, IaC, and compliance for finance clients.","As a Backend Developer Intern at Strata Infrastructure, you will work with engineers and mentors on real production projects. You will help build and test features using React, Django, and AWS. Responsibilities include writing clean code, reviewing pull requests, documenting your work, and presenting progress to the team. You will collaborate across product and design to ship improvements used by customers. Ideal for students who enjoy problem solving and learning quickly.",1,"React, Django, AWS, Python, Pandas, Linux",Data Science; Business Analytics; Statistics; Information Systems,1650 Tysons Blvd McLean VA 22102,$31.00/hr,20,3.1,US Citizen or PR
